Canal,Departamento,AFILIADOS,BUSCA PPC,COMPARADORES,Mês/Ano,CAT
1P,TELEFONIA,-0.004998496301506563,-0.0108448853690795,-0.0029338078059545666,1/2020,-0.01877718947654063
1P,ELETRODOMÉSTICOS,-0.004225129275168088,-0.014732560155812511,-0.004473698149626395,1/2020,-0.023431387580606994
1P,ELETRÔNICOS,-0.006406097195747955,-0.016894368527861074,-0.0054689534471026435,1/2020,-0.02876941917071167
1P,PCS,-0.0034513689168710546,-0.010866198925511177,-0.005582358660059144,1/2020,-0.019899926502441375
1P,CLIMATIZAÇÃO,-0.0027707595880421074,-0.00662433721187619,-0.0028921687385385212,1/2020,-0.012287265538456818
1P,ELETROPORTÁTEIS,-0.003693000477531477,-0.01546396200224852,-0.002473371781898784,1/2020,-0.02163033426167878
1P,INFORMÁTICA E ACESSÓRIOS,-0.004803758732780948,-0.018366521059007004,-0.006336453154949245,1/2020,-0.029506732946737196
1P,UTILIDADES DOMÉSTICAS,-0.0051350897677340185,-0.01627454041488295,-0.0014213424848361998,1/2020,-0.022830972667453167
1P,AUTOMOTIVO,-0.0009689756572297658,-0.007296734644504876,0.0,1/2020,-0.008265710301734642
1P,CONSOLES & GAMES,-0.006597837305770881,-0.016129605153246844,-0.001520372769356551,1/2020,-0.024247815228374277
1P,ESPORTE & LAZER,-0.002413483382879705,-0.013372156040718768,-0.0013281417880936035,1/2020,-0.017113781211692075
1P,PC GAMER,-0.007047959737329496,-0.023216277102093917,-0.002780380097758409,1/2020,-0.033044616937181824
1P,BELEZA & PERFUMARIA,-0.0002594980602347384,-5.396439881150167e-05,0.0,1/2020,-0.00031346245904624007
1P,MÓVEIS,-0.0037272160521321885,-0.009632370749572615,-0.00016145992685933763,1/2020,-0.013521046728564141
1P,INSTRUMENTOS MUSICAIS,0.007263986836584923,0.0,0.0,1/2020,0.007263986836584923
1P,TELEFONIA,-0.005044659633127323,-0.012111899885166219,-0.0031772253268044855,2/2020,-0.020333784845098027
1P,ELETRODOMÉSTICOS,-0.004991526346456957,-0.017479713160778503,-0.0066601876164193935,2/2020,-0.02913142712365485
1P,ELETRÔNICOS,-0.011277908974756832,-0.022600598670121586,-0.008072266349599896,2/2020,-0.041950773994478316
1P,PCS,-0.003583122935019312,-0.012184732943564985,-0.004269101179309286,2/2020,-0.020036957057893583
1P,CLIMATIZAÇÃO,-0.003011593929770324,-0.006883186689340606,-0.004292637935730752,2/2020,-0.014187418554841682
1P,ELETROPORTÁTEIS,-0.004264839481867056,-0.01727895708121982,-0.0035223495585732585,2/2020,-0.025066146121660134
1P,INFORMÁTICA E ACESSÓRIOS,-0.006592498210833013,-0.023976736359074078,-0.005246469479504206,2/2020,-0.0358157040494113
1P,UTILIDADES DOMÉSTICAS,-0.006067736167390651,-0.017869896558704423,-0.0021094359060494896,2/2020,-0.026047068632144562
1P,AUTOMOTIVO,-0.0012073570271788593,-0.030990798760599618,0.0,2/2020,-0.03219815578777848
1P,CONSOLES & GAMES,-0.008184784592581406,-0.020866881470363474,-0.003526568193902125,2/2020,-0.032578234256847007
1P,ESPORTE & LAZER,-0.0029035869020380563,-0.014874530514113164,-0.0014930774928796427,2/2020,-0.019271194909030863
1P,PC GAMER,-0.007993393312830709,-0.025571750587973112,-0.0046295204151466565,2/2020,-0.03819466431595048
1P,BELEZA & PERFUMARIA,-0.00022349770791996466,-9.30770933295218e-05,0.0,2/2020,-0.0003165748012494865
1P,MÓVEIS,-0.002559113771561384,-0.016569762846209476,-0.0002735141816850651,2/2020,-0.019402390799455924
1P,INSTRUMENTOS MUSICAIS,0.0,-0.004779003283373433,0.0,2/2020,-0.004779003283373433
1P,TELEFONIA,-0.0048583818669473925,-0.010595120328071679,-0.0005087097014075426,3/2020,-0.015962211896426614
1P,ELETRODOMÉSTICOS,-0.004637808701354612,-0.014949092164422386,-0.018601904597650352,3/2020,-0.038188805463427344
1P,ELETRÔNICOS,-0.00795430342129327,-0.02293809692367297,-0.001287130733224987,3/2020,-0.03217953107819123
1P,PCS,-0.0034670431417283963,-0.010421029239827925,-0.0005691522254154186,3/2020,-0.01445722460697174
1P,CLIMATIZAÇÃO,-0.0030933271052046084,-0.007901302348850295,-0.03292969800000001,3/2020,-0.04392432745405491
1P,ELETROPORTÁTEIS,-0.004690448020301113,-0.01707749867297727,-0.009398493582216264,3/2020,-0.031166440275494645
1P,INFORMÁTICA E ACESSÓRIOS,-0.005735607710655322,-0.020928658861160816,-0.04328241741335586,3/2020,-0.069946683985172
1P,UTILIDADES DOMÉSTICAS,-0.005852304449891146,-0.01510868902842756,-0.012920148888439623,3/2020,-0.033881142366758335
1P,AUTOMOTIVO,-0.0005282726723311846,-0.015598901346767195,-0.061923774000000015,3/2020,-0.0780509480190984
1P,CONSOLES & GAMES,-0.00826587855831052,-0.01958948487798203,-0.007806792281373357,3/2020,-0.03566215571766591
1P,ESPORTE & LAZER,-0.003282110787919243,-0.015618232529349864,-0.021825814268537615,3/2020,-0.04072615758580672
1P,PC GAMER,-0.007904195713713721,-0.02691639850071419,-0.0063422167871588836,3/2020,-0.041162811001586794
1P,BELEZA & PERFUMARIA,-4.3360907600495164e-05,-5.77940493513005e-05,-0.033676968,3/2020,-0.033778122956951796
1P,MÓVEIS,-0.0033805718250927114,-0.010396503123341576,-0.036666048,3/2020,-0.05044312294843429
1P,INSTRUMENTOS MUSICAIS,-0.01945105521317502,0.0,-0.039256584000000004,3/2020,-0.058707639213175025
1P,TELEFONIA,-0.0037783865176425242,-0.010947712730849497,-0.0033443655029485814,4/2020,-0.018070464751440602
1P,ELETRODOMÉSTICOS,-0.00513154915566049,-0.018018415269004526,-0.006472351509618889,4/2020,-0.029622315934283907
1P,ELETRÔNICOS,-0.007203233777359271,-0.018168566323179446,-0.006595320088872494,4/2020,-0.03196712018941121
1P,PCS,-0.004017028617318876,-0.01380987637230546,-0.002955280850372506,4/2020,-0.02078218583999684
1P,CLIMATIZAÇÃO,-0.002749257913036615,-0.012888485454011405,-0.0023781077722305924,4/2020,-0.018015851139278612
1P,ELETROPORTÁTEIS,-0.004568750162898422,-0.02610014317809776,-0.00461439949337322,4/2020,-0.03528329283436941
1P,INFORMÁTICA E ACESSÓRIOS,-0.0059370436230999565,-0.03693486960881408,-0.004762400988794229,4/2020,-0.04763431422070826
1P,UTILIDADES DOMÉSTICAS,-0.006184529393642225,-0.0226976520634747,0.0,4/2020,-0.028882181457116924
1P,AUTOMOTIVO,0.0,-0.06946232040000001,0.0,4/2020,-0.06946232040000001
1P,CONSOLES & GAMES,-0.006184869370587696,-0.02196999039206882,-0.0038312737549025164,4/2020,-0.03198613351755903
1P,ESPORTE & LAZER,-0.0031437352558201332,-0.03632445176012487,-0.0032279079513818677,4/2020,-0.042696094967326875
1P,PC GAMER,-0.007789639636832708,-0.04341602159058765,-0.006499349593464879,4/2020,-0.057705010820885236
1P,BELEZA & PERFUMARIA,-0.0001334625708664817,0.0,0.0,4/2020,-0.0001334625708664817
1P,MÓVEIS,-0.004848921035449136,-0.025513500577937,-0.00026080382984077893,4/2020,-0.030623225443226914
1P,INSTRUMENTOS MUSICAIS,0.0,-0.0440356464,0.0,4/2020,-0.0440356464
1P,TELEFONIA,-0.003459537600397704,-0.008607236045879065,-0.003695475894538122,5/2020,-0.015762249540814892
1P,ELETRODOMÉSTICOS,-0.005040402910268266,-0.021581971679307373,-0.003888142795189326,5/2020,-0.030510517384764964
1P,ELETRÔNICOS,-0.007499832708816945,-0.022064931758011115,-0.00789573210771977,5/2020,-0.03746049657454783
1P,PCS,-0.003966033996172467,-0.015302391687331118,-0.004158138918797268,5/2020,-0.023426564602300852
1P,CLIMATIZAÇÃO,-0.0024346912595886124,-0.023269112326114248,-0.0006840232100080656,5/2020,-0.026387826795710927
1P,ELETROPORTÁTEIS,-0.004346156588667183,-0.026429576256063847,-0.001867995831634816,5/2020,-0.03264372867636584
1P,INFORMÁTICA E ACESSÓRIOS,-0.006485126881752773,-0.031032583602513635,-0.005002118028601829,5/2020,-0.04251982851286824
1P,UTILIDADES DOMÉSTICAS,-0.009040822153991619,-0.03200486532164538,-0.00464224535013982,5/2020,-0.04568793282577682
1P,AUTOMOTIVO,-0.00321537696109856,-0.08820719898404981,-0.004924970869790539,5/2020,-0.0963475468149389
1P,CONSOLES & GAMES,-0.007367818612368398,-0.03455769840123798,-0.003984833271226531,5/2020,-0.04591035028483291
1P,ESPORTE & LAZER,-0.003934596439722882,-0.018922995420463926,-0.0007056273900018183,5/2020,-0.023563219250188627
1P,PC GAMER,-0.008837872826222802,-0.03763642104048834,-0.0060832838710750455,5/2020,-0.05255757773778619
1P,BELEZA & PERFUMARIA,-8.740607923438279e-05,0.0,-0.00039275427915460355,5/2020,-0.00048016035838898633
1P,MÓVEIS,-0.004504629459441682,-0.026374592602950463,-0.00307071420010991,5/2020,-0.033949936262502055
1P,INSTRUMENTOS MUSICAIS,0.029342747923535917,1.7634718460621606,0.0,5/2020,1.7928145939856965
1P,TELEFONIA,-0.004147343947289045,-0.009365584720352954,-0.003166976817744218,6/2020,-0.01667990548538622
1P,ELETRODOMÉSTICOS,-0.004766887466149625,-0.016678532068375912,-0.007716124153368479,6/2020,-0.029161543687894014
1P,ELETRÔNICOS,-0.007640662351244727,-0.022286487891507317,-0.008184704848989132,6/2020,-0.03811185509174118
1P,PCS,-0.0039932712022370176,-0.013033092760573673,-0.0027516048354993836,6/2020,-0.019777968798310074
1P,CLIMATIZAÇÃO,-0.0026466225685788953,-0.027812417507526777,-0.0021226455202806973,6/2020,-0.03258168559638637
1P,ELETROPORTÁTEIS,-0.004095669373232669,-0.028339330245473623,-0.00460677862326668,6/2020,-0.037041778241972974
1P,INFORMÁTICA E ACESSÓRIOS,-0.00672472869545809,-0.028423132621739934,-0.005345451609288648,6/2020,-0.04049331292648667
1P,UTILIDADES DOMÉSTICAS,-0.005533072496188141,-0.026799800943610983,-0.0027647294847353535,6/2020,-0.03509760292453448
1P,AUTOMOTIVO,-0.0067767913191070705,-0.1170150846287281,-0.0006093089440136989,6/2020,-0.12440118489184887
1P,CONSOLES & GAMES,-0.0069888580808261675,-0.03101900064437739,-0.0038806313998311966,6/2020,-0.041888490125034754
1P,ESPORTE & LAZER,-0.003987537789909425,-0.013752824386353312,-0.002545973460122818,6/2020,-0.020286335636385554
1P,PC GAMER,-0.008314102806624887,-0.04322159393625168,-0.006582586162313227,6/2020,-0.0581182829051898
1P,BELEZA & PERFUMARIA,-0.0005555689859285673,0.0,-0.00018620507465714114,6/2020,-0.0007417740605857085
1P,MÓVEIS,-0.0032851734961273113,-0.02133318745472711,-0.0001294414765688685,6/2020,-0.02474780242742329
1P,INSTRUMENTOS MUSICAIS,-0.009293512052724374,-0.0482599962,0.0,6/2020,-0.05755350825272437
1P,TELEFONIA,-0.0032099266003902094,-0.009646276765172553,-0.0031234265753751983,7/2020,-0.01597962994093796
1P,ELETRODOMÉSTICOS,-0.00337205795305323,-0.014224446692529178,-0.004519340039433688,7/2020,-0.0221158446850161
1P,ELETRÔNICOS,-0.005785774859221892,-0.016427283137116958,-0.00564620176245284,7/2020,-0.02785925975879169
1P,PCS,-0.0031219351284422006,-0.008387996665362774,-0.0024364886449533985,7/2020,-0.013946420438758373
1P,CLIMATIZAÇÃO,-0.0017958814902464114,-0.006918695865084995,-0.001156901821308357,7/2020,-0.009871479176639763
1P,ELETROPORTÁTEIS,-0.003230623504403407,-0.01608999474213433,-0.0031222590524707964,7/2020,-0.022442877299008533
1P,INFORMÁTICA E ACESSÓRIOS,-0.00566431197644518,-0.018688762832660022,-0.00350670532548799,7/2020,-0.02785978013459319
1P,UTILIDADES DOMÉSTICAS,-0.0052572751151382085,-0.015439944595598509,-0.0017336934037337501,7/2020,-0.022430913114470465
1P,AUTOMOTIVO,-0.003575645298424383,-0.007005790195611273,-0.00011396209267051843,7/2020,-0.010695397586706176
1P,CONSOLES & GAMES,-0.006206286929333044,-0.016372308710078127,-0.0030320913248187724,7/2020,-0.025610686964229943
1P,ESPORTE & LAZER,-0.002350113791622693,-0.011264458611487031,-0.002326854281752749,7/2020,-0.015941426684862474
1P,PC GAMER,-0.007463967571590412,-0.024902329139459545,-0.005954038102802691,7/2020,-0.03832033481385265
1P,BELEZA & PERFUMARIA,-0.00013275772299691372,-0.001088389189863257,-0.00011374490648530282,7/2020,-0.0013348918193454736
1P,MÓVEIS,-0.003108828777429103,-0.016902134122714997,-0.00017883753855935965,7/2020,-0.020189800438703456
1P,INSTRUMENTOS MUSICAIS,0.0,-0.014269045113932906,0.0,7/2020,-0.014269045113932906
1P,TELEFONIA,-0.005037061231428135,-0.012569730828021609,-0.003920317512277288,8/2020,-0.02152710957172703
1P,ELETRODOMÉSTICOS,-0.004665417093098044,-0.0187630271103678,-0.00676022150643808,8/2020,-0.030188665709903924
1P,ELETRÔNICOS,-0.008272206879465283,-0.02610693559032705,-0.007499922527100743,8/2020,-0.041879064996893076
1P,PCS,-0.004467568425490739,-0.01313840186881073,-0.003315948693749066,8/2020,-0.020921918988050535
1P,CLIMATIZAÇÃO,-0.002505737412443856,-0.010604971436334798,-0.0016703744192272723,8/2020,-0.014781083268005927
1P,ELETROPORTÁTEIS,-0.00493528515132509,-0.02272042767797604,-0.004971906185202804,8/2020,-0.032627619014503936
1P,INFORMÁTICA E ACESSÓRIOS,-0.007075364783772051,-0.028404171967955177,-0.00715304581552334,8/2020,-0.04263258256725057
1P,UTILIDADES DOMÉSTICAS,-0.008901910327895076,-0.01908323405603968,-0.0024190824646766404,8/2020,-0.030404226848611396
1P,AUTOMOTIVO,-0.017873044214982568,-0.0095480013571913,-0.0004847575755231636,8/2020,-0.02790580314769703
1P,CONSOLES & GAMES,-0.010221323175753663,-0.027188137975387175,-0.006263572686878069,8/2020,-0.04367303383801891
1P,ESPORTE & LAZER,-0.0036497068353945313,-0.01984249123713885,-0.0029657458658492366,8/2020,-0.02645794393838262
1P,PC GAMER,-0.011835245551774001,-0.031436996572398075,-0.008076559148115892,8/2020,-0.05134880127228797
1P,BELEZA & PERFUMARIA,-0.00018651175350611099,-0.001554361186656867,-6.571437463449219e-05,8/2020,-0.0018065873147974701
1P,MÓVEIS,-0.004224062703341709,-0.028892870879074585,0.0,8/2020,-0.0331169335824163
1P,INSTRUMENTOS MUSICAIS,0.0,-0.0510335592,0.0,8/2020,-0.0510335592
1P,TELEFONIA,-0.004319760831853139,-0.01133535773149256,-0.003551423806349281,9/2020,-0.01920654236969498
1P,ELETRODOMÉSTICOS,-0.0040196461563075814,-0.014257569453400306,-0.005412407876467332,9/2020,-0.023689623486175218
1P,ELETRÔNICOS,-0.008331207788382256,-0.020719030037363605,-0.005481795384653633,9/2020,-0.03453203321039949
1P,PCS,-0.0036733493933604135,-0.010581845255167874,-0.002546230409645837,9/2020,-0.016801425058174124
1P,CLIMATIZAÇÃO,-0.002512131027185412,-0.010380152049081565,-0.002304381982660017,9/2020,-0.015196665058926993
1P,ELETROPORTÁTEIS,-0.003851856377330713,-0.016363848419322456,-0.003746704391523782,9/2020,-0.02396240918817695
1P,INFORMÁTICA E ACESSÓRIOS,-0.006389258888293597,-0.022784262882868844,-0.005087140164277186,9/2020,-0.034260661935439626
1P,UTILIDADES DOMÉSTICAS,-0.006447134148217336,-0.015290252715371334,-0.001957484487762061,9/2020,-0.023694871351350733
1P,AUTOMOTIVO,-0.005279352122735903,-0.014664746132231855,-0.0006742178680354162,9/2020,-0.020618316123003175
1P,CONSOLES & GAMES,-0.033410814816678965,-0.027050044649788045,-0.0036088195487328518,9/2020,-0.06406967901519986
1P,ESPORTE & LAZER,-0.003932092918130712,-0.01435592938332379,-0.0016033621770200832,9/2020,-0.019891384478474584
1P,PC GAMER,-0.00931313193701218,-0.02705118556948892,-0.006530389783606099,9/2020,-0.0428947072901072
1P,BELEZA & PERFUMARIA,-0.00012162088471422779,-0.0005438531740328531,0.0,9/2020,-0.0006654740587470809
1P,MÓVEIS,-0.0020161675383523975,-0.03912789481800495,-0.0001586405580660555,9/2020,-0.0413027029144234
1P,INSTRUMENTOS MUSICAIS,0.0,0.0,0.0,9/2020,0.0
1P,TELEFONIA,-0.0035726805862897086,-0.013021396286199964,-0.0032464293397873583,10/2020,-0.01984050621227703
1P,ELETRODOMÉSTICOS,-0.004437973455227735,-0.016845264263016652,-0.004628091365912204,10/2020,-0.02591132908415659
1P,ELETRÔNICOS,-0.007298507660039093,-0.02359674633793306,-0.005981522298386839,10/2020,-0.03687677629635899
1P,PCS,-0.0028669832503253325,-0.010101759093225218,-0.001799761524406992,10/2020,-0.014768503867957543
1P,CLIMATIZAÇÃO,-0.0024046412647527873,-0.011282650692545911,-0.002062810083590085,10/2020,-0.015750102040888784
1P,ELETROPORTÁTEIS,-0.0037581319896262317,-0.019673054409576406,-0.0034515865805331116,10/2020,-0.02688277297973575
1P,INFORMÁTICA E ACESSÓRIOS,-0.005941245495973535,-0.022542211462262887,-0.004269864070251594,10/2020,-0.03275332102848802
1P,UTILIDADES DOMÉSTICAS,-0.006016169736907807,-0.015482041224533566,-0.0015075995545767913,10/2020,-0.023005810516018167
1P,AUTOMOTIVO,-0.009993041333062367,-0.020575704974119865,0.0,10/2020,-0.030568746307182232
1P,CONSOLES & GAMES,-0.024654383260616763,-0.04650919239254837,-0.004049723129232735,10/2020,-0.07521329878239787
1P,ESPORTE & LAZER,-0.002870454920868048,-0.013275275727153467,-0.0010026344318184186,10/2020,-0.017148365079839935
1P,PC GAMER,-0.006789372821255496,-0.02761007952336026,-0.004286875250886438,10/2020,-0.038686327595502196
1P,BELEZA & PERFUMARIA,-0.00024367876578996466,-0.0003213442733400839,0.0,10/2020,-0.0005650230391300486
1P,MÓVEIS,-0.0025510519254337365,-0.011344804916963512,0.0,10/2020,-0.013895856842397249
1P,INSTRUMENTOS MUSICAIS,0.0,0.0,0.0,10/2020,0.0
1P,TELEFONIA,-0.006611709355756899,-0.020433444398086767,-0.004353133523960435,11/2020,-0.0313982872778041
1P,ELETRODOMÉSTICOS,-0.005925386001007724,-0.024821102573633885,-0.006436688141223008,11/2020,-0.037183176715864616
1P,ELETRÔNICOS,-0.013826305117971492,-0.03344640513448481,-0.009794349252803094,11/2020,-0.05706705950525939
1P,PCS,-0.005599164686356988,-0.01601631283301265,-0.002946138946061141,11/2020,-0.02456161646543078
1P,CLIMATIZAÇÃO,-0.010836833726930164,-0.020012901667314273,-0.0020165673449356373,11/2020,-0.03286630273918008
1P,ELETROPORTÁTEIS,-0.006142855613619033,-0.023977577591106785,-0.00461947436728533,11/2020,-0.03473990757201115
1P,INFORMÁTICA E ACESSÓRIOS,-0.009522072567875432,-0.03075374824113923,-0.005165110685646997,11/2020,-0.04544093149466166
1P,UTILIDADES DOMÉSTICAS,-0.0070030127270532165,-0.019884093424988775,-0.0019207348085518389,11/2020,-0.02880784096059383
1P,AUTOMOTIVO,-0.006705176049616301,-0.02380539921137867,-0.0003278352607148954,11/2020,-0.030838410521709866
1P,CONSOLES & GAMES,-0.008974882302344549,-0.016143444801823167,-0.0024502723283943055,11/2020,-0.02756859943256202
1P,ESPORTE & LAZER,-0.0043157033774065354,-0.018515107714815716,-0.002539914342341395,11/2020,-0.025370725434563646
1P,PC GAMER,-0.016958329932383956,-0.039565468277404266,-0.006027886086335589,11/2020,-0.06255168429612382
1P,BELEZA & PERFUMARIA,-8.956211850104061e-05,-0.000303270967769352,-4.3164471583982336e-05,11/2020,-0.0004359975578543749
1P,MÓVEIS,-0.0026735380361391802,-0.015459655423045716,0.0,11/2020,-0.018133193459184897
1P,INSTRUMENTOS MUSICAIS,-0.0023994399976903875,-0.06351166142366953,0.0,11/2020,-0.06591110142135992
1P,TELEFONIA,-0.0024855208320245224,-0.01631338776545416,-0.0028849619322349504,12/2020,-0.021683870529713635
1P,ELETRODOMÉSTICOS,-0.0025606137227588877,-0.017018642827878676,-0.003531369762494732,12/2020,-0.023110626313132297
1P,ELETRÔNICOS,-0.004837823005776591,-0.02110786994820922,-0.005212496578813939,12/2020,-0.03115818953279975
1P,PCS,-0.003758054222445589,-0.014524978876293278,-0.0023164578093075924,12/2020,-0.020599490908046462
1P,CLIMATIZAÇÃO,-0.0016723860808898806,-0.011491705478686269,-0.0011356714037148402,12/2020,-0.014299762963290991
1P,ELETROPORTÁTEIS,-0.0029201260651814764,-0.017306624668826015,-0.0030084961775499954,12/2020,-0.023235246911557487
1P,INFORMÁTICA E ACESSÓRIOS,-0.006179044543519326,-0.024490570722289984,-0.0034541521202901175,12/2020,-0.03412376738609943
1P,UTILIDADES DOMÉSTICAS,-0.004516001210215037,-0.016013691700608165,-0.0010967967098604447,12/2020,-0.02162648962068365
1P,AUTOMOTIVO,-0.002405756340635956,-0.0344690555092508,0.0,12/2020,-0.03687481184988676
1P,CONSOLES & GAMES,-0.010492868423202817,-0.03658213056507659,-0.002345446466754895,12/2020,-0.049420445455034295
1P,ESPORTE & LAZER,-0.001871883645706278,-0.011995161192422882,-0.001728249880153893,12/2020,-0.015595294718283054
1P,PC GAMER,-0.006147500329744196,-0.024226940371407758,-0.002897562075661142,12/2020,-0.033272002776813095
1P,BELEZA & PERFUMARIA,-0.00011973949926478624,-0.00034421756763280845,0.0,12/2020,-0.0004639570668975947
1P,MÓVEIS,-0.0017174823798805485,-0.014184868308281305,-0.0008560032987312988,12/2020,-0.01675835398689315
1P,INSTRUMENTOS MUSICAIS,0.0,-0.022048707575532782,0.0,12/2020,-0.022048707575532782
1P,TELEFONIA,-0.0029374873701414144,-0.0114467874126794,-0.0021598385864617176,1/2021,-0.01654411336928253
1P,ELETRODOMÉSTICOS,-0.0030130622217234312,-0.019579554360714367,-0.0037019930049237864,1/2021,-0.026294609587361586
1P,ELETRÔNICOS,-0.005669408293095857,-0.02160107824508381,-0.005085319199993523,1/2021,-0.03235580573817319
1P,PCS,-0.0027025343870554,-0.013168838474510397,-0.0017945907939723924,1/2021,-0.01766596365553819
1P,CLIMATIZAÇÃO,-0.001899307858411013,-0.010810943956419945,-0.0009317742389788641,1/2021,-0.013642026053809823
1P,ELETROPORTÁTEIS,-0.0032353885697168124,-0.017696499332238522,-0.0022457461757911953,1/2021,-0.023177634077746527
1P,INFORMÁTICA E ACESSÓRIOS,-0.004976563658942714,-0.02510516632515705,-0.0022383789275466043,1/2021,-0.03232010891164636
1P,UTILIDADES DOMÉSTICAS,-0.004743848922321369,-0.01577081089004075,-0.0009490490214952362,1/2021,-0.021463708833857356
1P,AUTOMOTIVO,-0.0025214645586202956,-0.024616458563288438,-0.0002951993541973703,1/2021,-0.027433122476106103
1P,CONSOLES & GAMES,-0.005347687041259232,-0.013449030899816581,-0.0012694089501947938,1/2021,-0.020066126891270606
1P,ESPORTE & LAZER,-0.002563928710552618,-0.01401499832105134,-0.0014845486649452397,1/2021,-0.0180634756965492
1P,PC GAMER,-0.007982149016117969,-0.02713042202039308,-0.0023395831201593977,1/2021,-0.03745215415667045
1P,BELEZA & PERFUMARIA,-0.00038509977061413736,-0.00044507402418068615,0.0,1/2021,-0.0008301737947948235
1P,MÓVEIS,-0.003702767547720532,-0.012041766851158708,-9.401209287725573e-05,1/2021,-0.015838546491756495
1P,INSTRUMENTOS MUSICAIS,-0.013393750368713915,-0.011043956435087323,0.0,1/2021,-0.024437706803801237
1P,TELEFONIA,-0.004121834641525337,-0.01326697783133997,-0.002466912987552529,2/2021,-0.019855725460417833
1P,ELETRODOMÉSTICOS,-0.004287116732875357,-0.023799446460268006,-0.004677299641728418,2/2021,-0.03276386283487178
1P,ELETRÔNICOS,-0.00865159978891302,-0.026068351424656005,-0.0052681841549726246,2/2021,-0.03998813536854165
1P,PCS,-0.004052086600161509,-0.016779135303367054,-0.0022289808266410752,2/2021,-0.023060202730169635
1P,CLIMATIZAÇÃO,-0.0029584709265416615,-0.010877589946727783,-0.0010648243692765015,2/2021,-0.014900885242545944
1P,ELETROPORTÁTEIS,-0.005854262318977061,-0.029930764438454063,-0.003736578074826141,2/2021,-0.039521604832257265
1P,INFORMÁTICA E ACESSÓRIOS,-0.006654026443143622,-0.02979153922551759,-0.003054606181342898,2/2021,-0.03950017185000411
1P,UTILIDADES DOMÉSTICAS,-0.005412896121949628,-0.020332195238092002,-0.0013321960848866538,2/2021,-0.027077287444928284
1P,AUTOMOTIVO,-0.00619210725629228,-0.02520287269172744,-0.000347722941630305,2/2021,-0.031742702889650025
1P,CONSOLES & GAMES,-0.005750878585694941,-0.006071251616614346,-0.0010898128256820487,2/2021,-0.012911943027991337
1P,ESPORTE & LAZER,-0.0033980203139392833,-0.01834595233849895,-0.002403526879038848,2/2021,-0.02414749953147708
1P,PC GAMER,-0.01330577717616195,-0.030846881825109376,-0.004043889951417037,2/2021,-0.048196548952688364
1P,BELEZA & PERFUMARIA,-0.00016198834315035352,-0.001539931846422056,-6.31564756038223e-05,2/2021,-0.0017650766651762318
1P,MÓVEIS,-0.0025158276577042123,-0.02208437560221276,0.0,2/2021,-0.02460020325991697
1P,INSTRUMENTOS MUSICAIS,-0.027094269450702414,0.0,0.0,2/2021,-0.027094269450702414
1P,TELEFONIA,-0.004263524858208228,-0.009401391545467881,-0.002001401197396771,3/2021,-0.01566631760107288
1P,ELETRODOMÉSTICOS,-0.003939479494525301,-0.017436213623919,-0.003436322025845356,3/2021,-0.024812015144289656
1P,ELETRÔNICOS,-0.007048858199367076,-0.019290668038022544,-0.0037464800675511183,3/2021,-0.030086006304940738
1P,PCS,-0.003210292363983102,-0.012063215678089673,-0.0015228639883831622,3/2021,-0.016796372030455937
1P,CLIMATIZAÇÃO,-0.0027249171311072686,-0.008243999925283116,-0.0004979524158036284,3/2021,-0.011466869472194012
1P,ELETROPORTÁTEIS,-0.005119267388177601,-0.020475457350408288,-0.002414249647385457,3/2021,-0.028008974385971348
1P,INFORMÁTICA E ACESSÓRIOS,-0.005687363647466945,-0.02337459729059933,-0.0022130093058828036,3/2021,-0.03127497024394908
1P,UTILIDADES DOMÉSTICAS,-0.004677951470885972,-0.012929253371945244,-0.0008101777694248306,3/2021,-0.018417382612256047
1P,AUTOMOTIVO,-0.0025452150813231956,-0.020796022176410408,-0.000328843682994758,3/2021,-0.02367008094072836
1P,CONSOLES & GAMES,-0.01172291656527099,-0.013793592911832337,-0.0017940481899601647,3/2021,-0.027310557667063494
1P,ESPORTE & LAZER,-0.0025055979941268403,-0.015508436058389679,-0.0021296661531213577,3/2021,-0.02014370020563788
1P,PC GAMER,-0.008945267530078004,-0.026562323441864207,-0.00379422978793835,3/2021,-0.03930182075988056
1P,BELEZA & PERFUMARIA,-4.355870940082308e-05,-0.00042662089257847376,0.0,3/2021,-0.00047017960197929685
1P,MÓVEIS,-0.001071248331084175,-0.013122977827619965,-0.00038576744140353495,3/2021,-0.014579993600107675
1P,INSTRUMENTOS MUSICAIS,0.0,-0.018644786251648518,-0.027241373086291265,3/2021,-0.04588615933793978
1P,MERCADO,0.0,-0.0006516773788915498,0.0,3/2021,-0.0006516773788915498
1P,TELEFONIA,-0.004396734570025219,-0.011285893685516996,-0.001984376848975995,4/2021,-0.017667005104518213
1P,ELETRODOMÉSTICOS,-0.004932556290673266,-0.020687653474847446,-0.003739686648026595,4/2021,-0.02935989641354731
1P,ELETRÔNICOS,-0.008369422417977581,-0.02297880686896608,-0.004824140869457128,4/2021,-0.03617237015640079
1P,PCS,-0.003960897238593466,-0.011387141912313395,-0.0018927499137095644,4/2021,-0.017240789064616426
1P,CLIMATIZAÇÃO,-0.003099717415397442,-0.008674249053268678,-0.0007519647168985647,4/2021,-0.012525931185564686
1P,ELETROPORTÁTEIS,-0.006710725636788061,-0.02478289631621178,-0.002504910707040094,4/2021,-0.03399853266003994
1P,INFORMÁTICA E ACESSÓRIOS,-0.006492277954487683,-0.028171065781005047,-0.00265710918629567,4/2021,-0.0373204529217884
1P,UTILIDADES DOMÉSTICAS,-0.006099263608684633,-0.017495132534723516,-0.0010343878900581156,4/2021,-0.024628784033466265
1P,AUTOMOTIVO,-0.0038281533877109752,-0.033485155797941195,-0.00038716142250281666,4/2021,-0.037700470608154985
1P,CONSOLES & GAMES,-0.027152634520921363,-0.021119941813326718,-0.0026844715597609623,4/2021,-0.050957047894009046
1P,ESPORTE & LAZER,-0.0027956034983685867,-0.017686244012432382,-0.0020001069835624457,4/2021,-0.022481954494363413
1P,PC GAMER,-0.009896448274468495,-0.03327401640174493,-0.004332914978437638,4/2021,-0.04750337965465106
1P,BELEZA & PERFUMARIA,-3.2586214609127516e-05,-5.8581329610914e-05,0.0,4/2021,-9.116754422004153e-05
1P,MÓVEIS,-0.004402894214239326,-0.009677745496963371,0.0,4/2021,-0.014080639711202696
1P,INSTRUMENTOS MUSICAIS,0.0,-0.003917910291049368,0.0,4/2021,-0.003917910291049368
1P,MERCADO,-0.0012753406706386046,-0.01224178931452186,-0.00038991048371185316,4/2021,-0.013907040468872318
1P,TELEFONIA,-0.004755844781640174,-0.012937514367597207,-0.0019864323259165886,5/2021,-0.01967979147515397
1P,ELETRODOMÉSTICOS,-0.00482413609058466,-0.022348554901417125,-0.003419963268617719,5/2021,-0.030592654260619506
1P,ELETRÔNICOS,-0.008514633747723412,-0.02703441317378117,-0.004382152055468088,5/2021,-0.03993119897697267
1P,PCS,-0.0045019363894283305,-0.014338396197548292,-0.002199187690529872,5/2021,-0.021039520277506493
1P,CLIMATIZAÇÃO,-0.0036950511003027335,-0.010205033034826557,-0.0020272393663671047,5/2021,-0.015927323501496393
1P,ELETROPORTÁTEIS,-0.005736287502877353,-0.031123424760493446,-0.0026643137120732564,5/2021,-0.039524025975444056
1P,INFORMÁTICA E ACESSÓRIOS,-0.007132210462967582,-0.0358327466842008,-0.0020785077047589862,5/2021,-0.04504346485192737
1P,UTILIDADES DOMÉSTICAS,-0.005522492593938316,-0.021577772830853575,-0.0010507275064326324,5/2021,-0.028150992931224524
1P,AUTOMOTIVO,-0.005021098796782855,-0.03429335840545171,-7.457381464759536e-05,5/2021,-0.03938903101688216
1P,CONSOLES & GAMES,-0.021762136287556397,-0.013398877692259227,-0.001605671272799146,5/2021,-0.03676668525261477
1P,ESPORTE & LAZER,-0.00283863200016399,-0.022520288163471413,-0.0019817602055237707,5/2021,-0.027340680369159175
1P,PC GAMER,-0.009727589441403605,-0.03492063427219674,-0.0035582788606805644,5/2021,-0.04820650257428091
1P,BELEZA & PERFUMARIA,-0.0001364581461499169,-0.0007366908755646729,-6.141898653796792e-05,5/2021,-0.0009345680082525577
1P,MÓVEIS,-0.0031654578390555646,-0.016229628433706324,0.0,5/2021,-0.01939508627276189
1P,INSTRUMENTOS MUSICAIS,-0.011738766159962844,0.0,0.0,5/2021,-0.011738766159962844
1P,MERCADO,-0.06793275943650603,-0.12018404912551617,-0.0025598915811778688,5/2021,-0.19067670014320007
1P,TELEFONIA,-0.005216111921717087,-0.01433774879648959,-0.001523734520965863,6/2021,-0.02107759523917254
1P,ELETRODOMÉSTICOS,-0.004815218845679323,-0.02210414357274867,-0.003030556882404988,6/2021,-0.029949919300832982
1P,ELETRÔNICOS,-0.007942486145167718,-0.02863888259473369,-0.0037114199093940727,6/2021,-0.04029278864929548
1P,PCS,-0.0043435872095827985,-0.013174758586511605,-0.0017031589907893694,6/2021,-0.019221504786883774
1P,CLIMATIZAÇÃO,-0.003218890740990006,-0.011469886258353459,-0.0013711888575530069,6/2021,-0.016059965856896473
1P,ELETROPORTÁTEIS,-0.006157280229646275,-0.0338132662248383,-0.0024336590999058712,6/2021,-0.04240420555439045
1P,INFORMÁTICA E ACESSÓRIOS,-0.007028560644289116,-0.03493911588016622,-0.0016719178680851263,6/2021,-0.04363959439254046
1P,UTILIDADES DOMÉSTICAS,-0.005375445204287675,-0.01865046281036199,-0.0004916345788515661,6/2021,-0.024517542593501227
1P,AUTOMOTIVO,-0.006420232433815286,-0.03281689765445216,-0.00044592013556288745,6/2021,-0.039683050223830334
1P,CONSOLES & GAMES,-0.018612907568042344,-0.010915008651057623,-0.0003746141846762638,6/2021,-0.02990253040377623
1P,ESPORTE & LAZER,-0.0035028821885752814,-0.021539042735023894,-0.0013984505556544225,6/2021,-0.026440375479253597
1P,PC GAMER,-0.010299695961700517,-0.0356001760810904,-0.0032692260171406184,6/2021,-0.04916909805993153
1P,BELEZA & PERFUMARIA,-0.0001355950037506134,-0.0007091211880732607,-5.489547777309847e-05,6/2021,-0.0008996116695969725
1P,MÓVEIS,-0.0025702325188141045,-0.01368409735555552,-0.0004509788038258223,6/2021,-0.016705308678195446
1P,INSTRUMENTOS MUSICAIS,0.0,-0.004223864466617884,0.0,6/2021,-0.004223864466617884
1P,MERCADO,-0.007487755667821894,-0.010941245431421765,-0.0013857275059152197,6/2021,-0.019814728605158878
1P,TELEFONIA,-0.004748124520162306,-0.012163330179146236,-0.001290277664956116,7/2021,-0.01820173236426466
1P,ELETRODOMÉSTICOS,-0.003447654089323047,-0.019995885371945805,-0.0027262823751598494,7/2021,-0.0261698218364287
1P,ELETRÔNICOS,-0.005787992725781503,-0.023888256277915285,-0.003055175295069997,7/2021,-0.032731424298766784
1P,PCS,-0.005568753953658276,-0.010830174023968046,-0.0014920220209347886,7/2021,-0.01789094999856111
1P,CLIMATIZAÇÃO,-0.0027703508775216066,-0.009108771281810804,-0.001309669200393375,7/2021,-0.013188791359725786
1P,ELETROPORTÁTEIS,-0.004180782412523971,-0.026870433427166322,-0.0020191583960391937,7/2021,-0.033070374235729484
1P,INFORMÁTICA E ACESSÓRIOS,-0.005108458912289745,-0.03225739931744919,-0.0025679081019361967,7/2021,-0.039933766331675134
1P,UTILIDADES DOMÉSTICAS,-0.004099777001742654,-0.015414037403094667,-0.0005934676370773819,7/2021,-0.0201072820419147
1P,AUTOMOTIVO,-0.005778839186255665,-0.03205766268590626,0.0,7/2021,-0.03783650187216193
1P,CONSOLES & GAMES,-0.021976107903153883,-0.013003421481827763,-0.0006969526440939314,7/2021,-0.03567648202907558
1P,ESPORTE & LAZER,-0.003099572374011732,-0.015746105643846316,-0.0014260252051397262,7/2021,-0.020271703222997775
1P,PC GAMER,-0.006767099257320588,-0.03217658680058659,-0.0034946590801297043,7/2021,-0.04243834513803688
1P,BELEZA & PERFUMARIA,-9.762140971445962e-05,-0.0004062607791563153,0.0,7/2021,-0.0005038821888707749
1P,MÓVEIS,-0.0010843056864555229,-0.010458865690218007,0.0,7/2021,-0.01154317137667353
1P,INSTRUMENTOS MUSICAIS,0.0,0.0,0.0,7/2021,0.0
1P,MERCADO,-0.0011968395964324174,-0.009428169335799418,-0.00025235906741405065,7/2021,-0.010877367999645886
1P,TELEFONIA,-0.006106011081578166,-0.016516047793555373,-0.0016795836411573012,8/2021,-0.02430164251629084
1P,ELETRODOMÉSTICOS,-0.005917095185783565,-0.028258136228452035,-0.0032454591364541696,8/2021,-0.037420690550689764
1P,ELETRÔNICOS,-0.009004729273161436,-0.03424635864251435,-0.004538739943876579,8/2021,-0.04778982785955237
1P,PCS,-0.004955431851429441,-0.0164309697637165,-0.0021852495376630944,8/2021,-0.023571651152809035
1P,CLIMATIZAÇÃO,-0.003924968574865282,-0.012204984586193032,-0.0012988258353417753,8/2021,-0.01742877899640009
1P,ELETROPORTÁTEIS,-0.007100043312458123,-0.03216144589700065,-0.002452120620909014,8/2021,-0.04171360983036779
1P,INFORMÁTICA E ACESSÓRIOS,-0.010169591535907713,-0.04502117452421655,-0.0033312199224390664,8/2021,-0.05852198598256333
1P,UTILIDADES DOMÉSTICAS,-0.009000023307398066,-0.020557315650069508,-0.000836895070258844,8/2021,-0.030394234027726418
1P,AUTOMOTIVO,0.0,-0.046831695602235594,0.0,8/2021,-0.046831695602235594
1P,CONSOLES & GAMES,-0.020794742641958155,-0.020145887326534228,-0.0024330270249279767,8/2021,-0.043373656993420356
1P,ESPORTE & LAZER,-0.0053621380996855044,-0.02516434684500592,-0.0012418243727392029,8/2021,-0.031768309317430625
1P,PC GAMER,-0.009523879036353329,-0.04312384150468338,-0.003296975839642829,8/2021,-0.05594469638067954
1P,BELEZA & PERFUMARIA,-0.002152014684631377,-0.007058648346599993,-0.0001035986510885758,8/2021,-0.009314261682319946
1P,MÓVEIS,-0.0013803507075352739,-0.012480238846927902,-0.0012918782550626511,8/2021,-0.015152467809525828
1P,INSTRUMENTOS MUSICAIS,0.0,-0.011515116051218917,-0.011364072257615522,8/2021,-0.02287918830883444
1P,MERCADO,-0.0022361573500729176,-0.011348014929655323,0.0,8/2021,-0.01358417227972824
1P,TELEFONIA,-0.013099782847903935,-0.012854493899490544,-0.001187188617612034,9/2021,-0.02714146536500651
1P,ELETRODOMÉSTICOS,-0.007531920939377906,-0.024662769051633535,-0.0027429865984622713,9/2021,-0.03493767658947371
1P,ELETRÔNICOS,-0.010571678102824836,-0.02534619104270671,-0.0029412494918689596,9/2021,-0.03885911863740051
1P,PCS,-0.0051157269333559395,-0.010739748371334071,-0.001444384894633725,9/2021,-0.017299860199323735
1P,CLIMATIZAÇÃO,-0.005502765236627041,-0.010587258922707813,-0.0009397574820257248,9/2021,-0.017029781641360577
1P,ELETROPORTÁTEIS,-0.009002976320123637,-0.03573959935426611,-0.002367615551570829,9/2021,-0.04711019122596058
1P,INFORMÁTICA E ACESSÓRIOS,-0.011695654751378405,-0.0382158305064172,-0.002611953477417792,9/2021,-0.052523438735213396
1P,UTILIDADES DOMÉSTICAS,-0.008581080557165463,-0.025446513918037227,-0.0009947234478942055,9/2021,-0.035022317923096895
1P,AUTOMOTIVO,0.0,-0.013748324430111663,0.0,9/2021,-0.013748324430111663
1P,CONSOLES & GAMES,-0.04923593008867384,-0.01288902352129688,-0.001019920572233698,9/2021,-0.06314487418220442
1P,ESPORTE & LAZER,-0.004076520660383257,-0.01787857898571265,-0.0023678539493922676,9/2021,-0.024322953595488174
1P,PC GAMER,-0.013472800428824502,-0.031221844949215354,-0.002960737479295763,9/2021,-0.047655382857335615
1P,BELEZA & PERFUMARIA,-0.006690352452210922,-0.008348356516795793,-0.0002524857594889017,9/2021,-0.015291194728495617
1P,MÓVEIS,-0.0001321530404058085,-0.013792466269882843,-0.0015619603563643432,9/2021,-0.015486579666652995
1P,INSTRUMENTOS MUSICAIS,-0.012366826152377277,-0.06093946443102144,0.0,9/2021,-0.07330629058339871
1P,MERCADO,-0.0013888267825922672,-0.009291106928288877,0.0,9/2021,-0.010679933710881145
1P,TELEFONIA,-0.011473632248781666,-0.013565102324519584,-0.0008770000659635195,10/2021,-0.02591573463926477
1P,ELETRODOMÉSTICOS,-0.0063318543923318515,-0.0255363871298987,-0.0015660516325232718,10/2021,-0.03343429315475382
1P,ELETRÔNICOS,-0.010913431868202487,-0.034099690011317706,-0.003137325814635595,10/2021,-0.04815044769415579
1P,PCS,-0.004922448354319781,-0.01341510690570737,-0.001293072080229626,10/2021,-0.01963062734025678
1P,CLIMATIZAÇÃO,-0.003742391347954406,-0.012853323290867682,-0.0008918100451177868,10/2021,-0.017487524683939878
1P,ELETROPORTÁTEIS,-0.006955468829018304,-0.03888392495308626,-0.0015437174738947442,10/2021,-0.04738311125599931
1P,INFORMÁTICA E ACESSÓRIOS,-0.01219372309547805,-0.03955458858128687,-0.0012341985876287995,10/2021,-0.05298251026439371
1P,UTILIDADES DOMÉSTICAS,-0.005638835387934256,-0.02612378567516323,-0.0007797273537506668,10/2021,-0.03254234841684816
1P,AUTOMOTIVO,-0.0006335076681977992,-0.0051124118819756165,0.0,10/2021,-0.005745919550173416
1P,CONSOLES & GAMES,-0.02915540050998478,-0.012525285790726351,-0.0008698289617811652,10/2021,-0.042550515262492296
1P,ESPORTE & LAZER,-0.004652804715168736,-0.01969442245247623,-0.0016389929524138988,10/2021,-0.025986220120058866
1P,PC GAMER,-0.010995111515412445,-0.03694897292889468,-0.0031542992435093322,10/2021,-0.051098383687816454
1P,BELEZA & PERFUMARIA,-0.011706954177933286,-0.007870325051780938,-9.134359100928234e-05,10/2021,-0.019668622820723507
1P,MÓVEIS,-0.0012390027771042667,-0.018924275505821878,0.0,10/2021,-0.020163278282926144
1P,INSTRUMENTOS MUSICAIS,0.0,0.0,0.0,10/2021,0.0
1P,MERCADO,-0.003512207407494728,-0.015416193190238089,0.0,10/2021,-0.018928400597732816
1P,TELEFONIA,-0.012835948587933762,-0.013982880216419543,-0.0009723803041325297,11/2021,-0.027791209108485836
1P,ELETRODOMÉSTICOS,-0.011168879914974316,-0.02982034612370478,-0.0026830916602554444,11/2021,-0.043672317698934544
1P,ELETRÔNICOS,-0.025161372370037644,-0.035452241869435,-0.004933079620672641,11/2021,-0.06554669386014529
1P,PCS,-0.010750530867063275,-0.016686724524015425,-0.0016205934981772781,11/2021,-0.029057848889255975
1P,CLIMATIZAÇÃO,-0.006033493100317811,-0.015604149304949515,-0.0009707872340558092,11/2021,-0.022608429639323135
1P,ELETROPORTÁTEIS,-0.01569138418843871,-0.038629303236188114,-0.0029467992414119485,11/2021,-0.05726748666603877
1P,INFORMÁTICA E ACESSÓRIOS,-0.02498873767885895,-0.041317119711431934,-0.0029520684013409327,11/2021,-0.06925792579163181
1P,UTILIDADES DOMÉSTICAS,-0.012029916449117906,-0.02727536492869503,-0.0012280906737951011,11/2021,-0.04053337205160804
1P,AUTOMOTIVO,-0.008169752828657773,-0.008025945007520126,0.0,11/2021,-0.0161956978361779
1P,CONSOLES & GAMES,-0.061161660896327366,-0.019575311467338676,-0.00267390335474155,11/2021,-0.08341087571840759
1P,ESPORTE & LAZER,-0.005189104156985222,-0.025623562195377286,-0.0013811351135415767,11/2021,-0.03219380146590409
1P,PC GAMER,-0.027032295670280707,-0.053189519106818905,-0.004112530131200495,11/2021,-0.08433434490830011
1P,BELEZA & PERFUMARIA,-0.02620005990887822,-0.00471571854486586,-0.00016752833963508537,11/2021,-0.031083306793379166
1P,MÓVEIS,-0.017915039637693843,-0.012049265537481039,0.0,11/2021,-0.02996430517517488
1P,INSTRUMENTOS MUSICAIS,0.0,-0.06801592630956131,0.0,11/2021,-0.06801592630956131
1P,MERCADO,-0.007628125596039648,-0.01969395249920471,-0.0006137596764409672,11/2021,-0.027935837771685325
1P,TELEFONIA,-0.013711678455658575,-0.016390535829745083,-0.0010982084870436951,12/2021,-0.031200422772447355
1P,ELETRODOMÉSTICOS,-0.006051819543082154,-0.028262326629574227,-0.001538817344195713,12/2021,-0.03585296351685209
1P,ELETRÔNICOS,-0.008717961599372772,-0.03571875608608824,-0.002365360226719856,12/2021,-0.04680207791218086
1P,PCS,-0.006911964059924086,-0.018991991481009562,-0.0013285171800168517,12/2021,-0.0272324727209505
1P,CLIMATIZAÇÃO,-0.0031955019253147466,-0.01383740007099885,-0.0005499895173738835,12/2021,-0.01758289151368748
1P,ELETROPORTÁTEIS,-0.005777823742931956,-0.0353879233300385,-0.0014473462353579486,12/2021,-0.0426130933083284
1P,INFORMÁTICA E ACESSÓRIOS,-0.010984837166943465,-0.04425014579642504,-0.0018000363664026089,12/2021,-0.05703501932977111
1P,UTILIDADES DOMÉSTICAS,-0.004998086520402588,-0.02236983755897985,-0.0006490062468008554,12/2021,-0.02801693032618329
1P,AUTOMOTIVO,0.0,-0.01198502969826979,0.0,12/2021,-0.01198502969826979
1P,CONSOLES & GAMES,-0.026953182233666998,-0.021895047102543353,-0.001222289479226322,12/2021,-0.05007051881543667
1P,ESPORTE & LAZER,-0.004704524481718694,-0.01820977369540238,-0.0007999903890598552,12/2021,-0.02371428856618093
1P,PC GAMER,-0.01057991702489939,-0.04998985648688169,-0.0032994492239896214,12/2021,-0.0638692227357707
1P,BELEZA & PERFUMARIA,-0.025684788589524436,-0.006722435716015255,-7.279935896431046e-05,12/2021,-0.032480023664504
1P,MÓVEIS,-0.00588921939475928,-0.014290037240709597,-0.0005263676599937126,12/2021,-0.02070562429546259
1P,INSTRUMENTOS MUSICAIS,-0.02210508365788523,0.0,0.0,12/2021,-0.02210508365788523
1P,MERCADO,-0.004945856075671146,-0.06147271130962571,-0.0008283335139542545,12/2021,-0.06724690089925112
3P,TELEFONIA,-0.0037782568545545025,-0.009766082283331345,-0.0015869903467953396,1/2020,-0.015131329484681186
3P,ELETRODOMÉSTICOS,-0.004189894666900496,-0.017704471159335385,-0.00725185333952888,1/2020,-0.02914621916576476
3P,ELETRÔNICOS,-0.00647176884845683,-0.026428747964958442,-0.005836311043253897,1/2020,-0.03873682785666917
3P,PCS,-0.003411782154880111,-0.01151318597567387,-0.0022704015347501244,1/2020,-0.017195369665304105
3P,CLIMATIZAÇÃO,-0.0033276480814533114,-0.010622110501047086,-0.004890885987169322,1/2020,-0.01884064456966972
3P,ELETROPORTÁTEIS,-0.0038113192288801983,-0.02106246912029931,-0.004151170698790727,1/2020,-0.02902495904797023
3P,INFORMÁTICA E ACESSÓRIOS,-0.00476704378706005,-0.029052334725541883,-0.004734790819875302,1/2020,-0.03855416933247723
3P,UTILIDADES DOMÉSTICAS,-0.004010041494665407,-0.024677110476411517,-0.001953160828207232,1/2020,-0.030640312799284156
3P,AUTOMOTIVO,-0.003334283919013529,-0.02828161049316574,-0.0019118548065341274,1/2020,-0.0335277492187134
3P,CONSOLES & GAMES,-0.005015834316383302,-0.017684159258126882,-0.003842706771252572,1/2020,-0.026542700345762758
3P,ESPORTE & LAZER,-0.002582259819844207,-0.015285632713627153,-0.001585305500552402,1/2020,-0.01945319803402376
3P,PC GAMER,-0.006390257245933189,-0.02561533777956424,-0.0034671802433472298,1/2020,-0.03547277526884466
3P,BELEZA & PERFUMARIA,-0.002133790696984609,-0.013296395402599767,-0.000856423872783577,1/2020,-0.016286609972367954
3P,MÓVEIS,-0.0025390193021753433,-0.014733583927566764,-0.000582597736413029,1/2020,-0.017855200966155137
3P,INSTRUMENTOS MUSICAIS,-0.0024825237285000306,-0.017164985858427625,-0.0018034867529898681,1/2020,-0.021450996339917525
3P,TELEFONIA,-0.0034900012423690727,-0.01164797890337158,-0.001977378967216537,2/2020,-0.01711535911295719
3P,ELETRODOMÉSTICOS,-0.005296337361290083,-0.019284683584849725,-0.008133890648374836,2/2020,-0.032714911594514645
3P,ELETRÔNICOS,-0.006958910080881423,-0.02698023864889336,-0.005831374594557865,2/2020,-0.039770523324332646
3P,PCS,-0.0041137228475878855,-0.01347365169546247,-0.0017522545363995762,2/2020,-0.019339629079449933
3P,CLIMATIZAÇÃO,-0.004408980736051722,-0.012047219578510232,-0.005140965032854461,2/2020,-0.021597165347416417
3P,ELETROPORTÁTEIS,-0.004559538136465424,-0.021184829339720847,-0.0040063935098275764,2/2020,-0.029750760986013848
3P,INFORMÁTICA E ACESSÓRIOS,-0.00612160571003488,-0.0325507069765679,-0.005151927569833136,2/2020,-0.043824240256435915
3P,UTILIDADES DOMÉSTICAS,-0.004887213926848509,-0.027340321286052748,-0.002095858255897263,2/2020,-0.034323393468798515
3P,AUTOMOTIVO,-0.004366605941052755,-0.027968398535199102,-0.002216435733933963,2/2020,-0.03455144021018582
3P,CONSOLES & GAMES,-0.006148185545419624,-0.020442449786894572,-0.005735827274771842,2/2020,-0.032326462607086034
3P,ESPORTE & LAZER,-0.0035043202913206638,-0.017051821136735028,-0.001403409928866742,2/2020,-0.021959551356922433
3P,PC GAMER,-0.00773292379942827,-0.02981056282122863,-0.003974494335313768,2/2020,-0.041517980955970674
3P,BELEZA & PERFUMARIA,-0.0024093211793046678,-0.01521308838145313,-0.001001693383473422,2/2020,-0.01862410294423122
3P,MÓVEIS,-0.003187402599776536,-0.015468616849425678,-0.0005980105685317494,2/2020,-0.019254030017733962
3P,INSTRUMENTOS MUSICAIS,-0.003704808576339665,-0.020045242912041586,-0.0018119746964472506,2/2020,-0.0255620261848285
3P,TELEFONIA,-0.0030115915283448775,-0.009397096324131498,-0.0016607436326948673,3/2020,-0.014069431485171244
3P,ELETRODOMÉSTICOS,-0.004772203879230377,-0.01548633633440929,-0.0064184849781643875,3/2020,-0.026677025191804055
3P,ELETRÔNICOS,-0.006899932786376427,-0.01964980122078173,-0.004360593589893434,3/2020,-0.03091032759705159
3P,PCS,-0.00360661960424065,-0.010809033244679866,-0.0021856432957191403,3/2020,-0.016601296144639656
3P,CLIMATIZAÇÃO,-0.0037597364151690646,-0.009723239605951846,-0.004156974054726745,3/2020,-0.017639950075847656
3P,ELETROPORTÁTEIS,-0.004418069726651136,-0.018785612705933555,-0.004503159864683815,3/2020,-0.027706842297268504
3P,INFORMÁTICA E ACESSÓRIOS,-0.005112018006592294,-0.02682580760808608,-0.005011723484223336,3/2020,-0.03694954909890171
3P,UTILIDADES DOMÉSTICAS,-0.004103198757678071,-0.02161260317670146,-0.0019002087889058465,3/2020,-0.02761601072328538
3P,AUTOMOTIVO,-0.003471207301749585,-0.02550397822351505,-0.002250741977598021,3/2020,-0.031225927502862655
3P,CONSOLES & GAMES,-0.005660387310687803,-0.017775999707365667,-0.004242561440804629,3/2020,-0.0276789484588581
3P,ESPORTE & LAZER,-0.0030419862026229635,-0.01468460245393032,-0.0013787938025099807,3/2020,-0.019105382459063267
3P,PC GAMER,-0.00654959355595092,-0.026230353836772805,-0.00454007131443507,3/2020,-0.03732001870715879
3P,BELEZA & PERFUMARIA,-0.0022016800913274956,-0.01290210593654249,-0.000880574144272502,3/2020,-0.015984360172142487
3P,MÓVEIS,-0.002728521543497134,-0.013056403754726267,-0.0005633413949586709,3/2020,-0.016348266693182074
3P,INSTRUMENTOS MUSICAIS,-0.0025339459453561828,-0.01720446456867228,-0.0019083078892594976,3/2020,-0.021646718403287957
3P,TELEFONIA,-0.0034692831559098476,-0.011196318625319996,-0.0019698736942273505,4/2020,-0.016635475475457195
3P,ELETRODOMÉSTICOS,-0.004952549453775175,-0.02110538381254366,-0.007505930595893272,4/2020,-0.03356386386221211
3P,ELETRÔNICOS,-0.008082045430973402,-0.022809644635461902,-0.006786687442085648,4/2020,-0.037678377508520954
3P,PCS,-0.004104407445519899,-0.0157676380877167,-0.0027375418167343716,4/2020,-0.02260958734997097
3P,CLIMATIZAÇÃO,-0.004028641785963689,-0.014605485156408414,-0.005386065947547115,4/2020,-0.024020192889919217
3P,ELETROPORTÁTEIS,-0.004648615817194297,-0.024156349227682512,-0.004641936457135827,4/2020,-0.033446901502012634
3P,INFORMÁTICA E ACESSÓRIOS,-0.005374916154160658,-0.036453035166804176,-0.006214613326594958,4/2020,-0.04804256464755979
3P,UTILIDADES DOMÉSTICAS,-0.00468310949858123,-0.028099202547124905,0.0,4/2020,-0.032782312045706134
3P,AUTOMOTIVO,-0.0036397708714182827,-0.035063777166718324,-0.002299773299797856,4/2020,-0.04100332133793447
3P,CONSOLES & GAMES,-0.005618534002598421,-0.024308531501159112,-0.005132283844821179,4/2020,-0.03505934934857871
3P,ESPORTE & LAZER,-0.003644708257310934,-0.018171652693175017,-0.002184419534618895,4/2020,-0.024000780485104845
3P,PC GAMER,-0.006991134152846239,-0.03649215640954618,-0.0050267341616200304,4/2020,-0.048510024724012446
3P,BELEZA & PERFUMARIA,-0.002161095419153847,-0.01569366352912562,-0.0011405848904526361,4/2020,-0.018995343838732102
3P,MÓVEIS,-0.002812126941549336,-0.016913039702321,-0.000729345920976489,4/2020,-0.020454512564846827
3P,INSTRUMENTOS MUSICAIS,-0.003060218897129576,-0.022445237400616373,-0.002760845751368916,4/2020,-0.028266302049114865
3P,TELEFONIA,-0.0034880330877225126,-0.010732000100286224,-0.0021740173725979125,5/2020,-0.016394050560606648
3P,ELETRODOMÉSTICOS,-0.004900708468435787,-0.020566281895195285,-0.006616751470392873,5/2020,-0.032083741834023946
3P,ELETRÔNICOS,-0.0075528866133238925,-0.025915196413488703,-0.007734130098414033,5/2020,-0.04120221312522663
3P,PCS,-0.004015398796433402,-0.016084122762443462,-0.0025539531928476153,5/2020,-0.022653474751724478
3P,CLIMATIZAÇÃO,-0.0042835870771112915,-0.014959682566634469,-0.004530970032505884,5/2020,-0.02377423967625164
3P,ELETROPORTÁTEIS,-0.00467740741354888,-0.02388838437683985,-0.0048340622403799036,5/2020,-0.03339985403076863
3P,INFORMÁTICA E ACESSÓRIOS,-0.006168223168767856,-0.03544000718951921,-0.005693171883495942,5/2020,-0.047301402241783
3P,UTILIDADES DOMÉSTICAS,-0.00502036029700473,-0.029382317772986232,-0.002544177190317054,5/2020,-0.03694685526030802
3P,AUTOMOTIVO,-0.004035296344060796,-0.034025071243613626,-0.0023722645594407656,5/2020,-0.040432632147115184
3P,CONSOLES & GAMES,-0.006187377367183884,-0.023518906254968077,-0.0056224323116866775,5/2020,-0.03532871593383864
3P,ESPORTE & LAZER,-0.0035481769343697583,-0.018682319705953878,-0.0020833204341192866,5/2020,-0.024313817074442922
3P,PC GAMER,-0.007850431817079487,-0.03554596337594241,-0.005142005272650332,5/2020,-0.048538400465672225
3P,BELEZA & PERFUMARIA,-0.0027184228439665575,-0.01584438222594776,-0.0011329263660265839,5/2020,-0.019695731435940902
3P,MÓVEIS,-0.003082231273040415,-0.01646346121040069,-0.0006451155029277793,5/2020,-0.020190807986368884
3P,INSTRUMENTOS MUSICAIS,-0.002950651109905782,-0.023474505761397726,-0.0027233538986434773,5/2020,-0.029148510769946984
3P,TELEFONIA,-0.0035808461650749563,-0.010996428068276583,-0.001342334249742096,6/2020,-0.015919608483093636
3P,ELETRODOMÉSTICOS,-0.005335781849852259,-0.021867567512851724,-0.004849697153301109,6/2020,-0.032053046516005095
3P,ELETRÔNICOS,-0.00933112727561214,-0.02368497644926964,-0.004326712559572293,6/2020,-0.03734281628445407
3P,PCS,-0.004913201952667029,-0.015918152404142846,-0.001459315917730006,6/2020,-0.022290670274539882
3P,CLIMATIZAÇÃO,-0.004432599862353939,-0.015156613461049892,-0.00265045554615985,6/2020,-0.022239668869563682
3P,ELETROPORTÁTEIS,-0.0047238018236925765,-0.02283897938764926,-0.002907138206228366,6/2020,-0.0304699194175702
3P,INFORMÁTICA E ACESSÓRIOS,-0.007222188890454691,-0.03383761602573743,-0.0033973403728024707,6/2020,-0.04445714528899459
3P,UTILIDADES DOMÉSTICAS,-0.00513042544926403,-0.029856288001263984,-0.0016751888817528157,6/2020,-0.03666190233228083
3P,AUTOMOTIVO,-0.00416664125873884,-0.03408790569989469,-0.001295850847685215,6/2020,-0.03955039780631875
3P,CONSOLES & GAMES,-0.006083595310630496,-0.02419700276904138,-0.003263073314604454,6/2020,-0.03354367139427633
3P,ESPORTE & LAZER,-0.0036712298303441106,-0.018943916662934074,-0.0013183411152078931,6/2020,-0.023933487608486077
3P,PC GAMER,-0.0084584568215265,-0.03484839973162724,-0.00285284791104783,6/2020,-0.04615970446420157
3P,BELEZA & PERFUMARIA,-0.002880692090182563,-0.015820147843693892,-0.0007021262085159507,6/2020,-0.019402966142392408
3P,MÓVEIS,-0.003211942994542404,-0.017322814402227688,-0.00037144915111251637,6/2020,-0.020906206547882607
3P,INSTRUMENTOS MUSICAIS,-0.0032124244731334215,-0.023116375182029168,-0.0015403520414847575,6/2020,-0.02786915169664735
3P,TELEFONIA,-0.003119683863441817,-0.008213379326355689,-0.0015936869258892023,7/2020,-0.012926750115686707
3P,ELETRODOMÉSTICOS,-0.004500700071944288,-0.01672456634030166,-0.005743632047303516,7/2020,-0.026968898459549466
3P,ELETRÔNICOS,-0.007383734788449567,-0.020313936226378004,-0.006797246292466663,7/2020,-0.03449491730729423
3P,PCS,-0.0038662671483260754,-0.011715204059703527,-0.0020437382607110736,7/2020,-0.017625209468740674
3P,CLIMATIZAÇÃO,-0.004062967398927137,-0.010407672551194581,-0.0038400517242155154,7/2020,-0.018310691674337232
3P,ELETROPORTÁTEIS,-0.0038484706412136335,-0.018753594826132692,-0.0037391602799124696,7/2020,-0.026341225747258796
3P,INFORMÁTICA E ACESSÓRIOS,-0.005309091468803516,-0.027409048150334663,-0.004134164067960518,7/2020,-0.0368523036870987
3P,UTILIDADES DOMÉSTICAS,-0.004165029878742136,-0.023945267872478877,-0.0017702055475965598,7/2020,-0.02988050329881757
3P,AUTOMOTIVO,-0.003259228088510347,-0.027479143915922166,-0.0017785269744402831,7/2020,-0.0325168989788728
3P,CONSOLES & GAMES,-0.005441237111165838,-0.018459347818253025,-0.0040671990768634285,7/2020,-0.027967784006282293
3P,ESPORTE & LAZER,-0.0029825826760158706,-0.015015024784607141,-0.0015601862899192879,7/2020,-0.0195577937505423
3P,PC GAMER,-0.007212171833031415,-0.027297326147346257,-0.0034940592972043335,7/2020,-0.038003557277582006
3P,BELEZA & PERFUMARIA,-0.0028872025945600754,-0.01169681677851664,-0.0008230548619168182,7/2020,-0.015407074234993533
3P,MÓVEIS,-0.002652804301799646,-0.013593653447766597,-0.0004806858502188876,7/2020,-0.016727143599785128
3P,INSTRUMENTOS MUSICAIS,-0.0027260207152468695,-0.018603855265324463,-0.0014964544721726163,7/2020,-0.022826330452743945
3P,TELEFONIA,-0.00427295613945276,-0.010954380267780294,-0.0022084500693671624,8/2020,-0.017435786476600216
3P,ELETRODOMÉSTICOS,-0.0056711299584646475,-0.02345093110624576,-0.00789864170166075,8/2020,-0.03702070276637116
3P,ELETRÔNICOS,-0.009090124340569886,-0.028662189753097266,-0.006817667984282828,8/2020,-0.04456998207794998
3P,PCS,-0.004848982048127829,-0.01588013995035041,-0.0026621107880776575,8/2020,-0.023391232786555898
3P,CLIMATIZAÇÃO,-0.005049395726177142,-0.013129023714739358,-0.0054434089317064,8/2020,-0.0236218283726229
3P,ELETROPORTÁTEIS,-0.005511769235938551,-0.024802269670597312,-0.0049255426756969626,8/2020,-0.03523958158223282
3P,INFORMÁTICA E ACESSÓRIOS,-0.0069820745103614,-0.03645094734110958,-0.005587180940432292,8/2020,-0.04902020279190327
3P,UTILIDADES DOMÉSTICAS,-0.005718227286401367,-0.031209437325812862,-0.002322966583648549,8/2020,-0.03925063119586278
3P,AUTOMOTIVO,-0.004420493545081301,-0.03843728104890176,-0.0026012137288222723,8/2020,-0.04545898832280533
3P,CONSOLES & GAMES,-0.007909567099598811,-0.024517223273530897,-0.005201058477149083,8/2020,-0.03762784885027879
3P,ESPORTE & LAZER,-0.003621851436387161,-0.01988590370389158,-0.002199851863728192,8/2020,-0.025707607004006934
3P,PC GAMER,-0.008402990686584988,-0.03715865800984553,-0.005330524402604069,8/2020,-0.05089217309903459
3P,BELEZA & PERFUMARIA,-0.004345557849838403,-0.01629410678149456,-0.0010703319601644051,8/2020,-0.021709996591497364
3P,MÓVEIS,-0.00332318221866243,-0.018491750415188135,0.0,8/2020,-0.021814932633850564
3P,INSTRUMENTOS MUSICAIS,-0.0036215667955293717,-0.024628934697987125,-0.002126543646593202,8/2020,-0.030377045140109697
3P,TELEFONIA,-0.0039937598238176655,-0.009184537043039833,-0.0015438507858539533,9/2020,-0.014722147652711452
3P,ELETRODOMÉSTICOS,-0.0046150052151039764,-0.018382453229819802,-0.007182775690925924,9/2020,-0.0301802341358497
3P,ELETRÔNICOS,-0.008103248661782449,-0.020760112137887716,-0.005592633717580434,9/2020,-0.0344559945172506
3P,PCS,-0.004683587192086197,-0.012580393274407981,-0.0017421214783592343,9/2020,-0.01900610194485341
3P,CLIMATIZAÇÃO,-0.00370496647719631,-0.011637844669528004,-0.004178877057958759,9/2020,-0.019521688204683075
3P,ELETROPORTÁTEIS,-0.004428758162688059,-0.021856028794768546,-0.0051938459585080116,9/2020,-0.031478632915964616
3P,INFORMÁTICA E ACESSÓRIOS,-0.005639059502987359,-0.030504701870644375,-0.004848874074536124,9/2020,-0.040992635448167856
3P,UTILIDADES DOMÉSTICAS,-0.004471056498861661,-0.024468744580955926,-0.0019051677789093883,9/2020,-0.030844968858726975
3P,AUTOMOTIVO,-0.003792563384944378,-0.029427344174600512,-0.0018518491141473873,9/2020,-0.03507175667369228
3P,CONSOLES & GAMES,-0.007016946808111941,-0.01922332775763564,-0.003373656452107453,9/2020,-0.029613931017855033
3P,ESPORTE & LAZER,-0.003121901793366462,-0.015362441869385098,-0.001620533872486419,9/2020,-0.02010487753523798
3P,PC GAMER,-0.007477735094774074,-0.026442093108101587,-0.003922274402299039,9/2020,-0.0378421026051747
3P,BELEZA & PERFUMARIA,-0.0035614791792071003,-0.012221150620290212,-0.0008169332891773234,9/2020,-0.016599563088674635
3P,MÓVEIS,-0.0026704700351628144,-0.014711464700880781,-0.0007666265331261678,9/2020,-0.018148561269169763
3P,INSTRUMENTOS MUSICAIS,-0.002974387445262068,-0.01914035701811041,-0.0014138640867845827,9/2020,-0.023528608550157062
3P,TELEFONIA,-0.004001718996583986,-0.009685718528094748,-0.0014307162114964112,10/2020,-0.015118153736175146
3P,ELETRODOMÉSTICOS,-0.0042300852468799425,-0.020369944286295176,-0.0065720561584354156,10/2020,-0.031172085691610535
3P,ELETRÔNICOS,-0.007846906888792773,-0.021839174173807725,-0.0061245226497047296,10/2020,-0.035810603712305225
3P,PCS,-0.004541807934786611,-0.01226518269086876,-0.00164929503329186,10/2020,-0.01845628565894723
3P,CLIMATIZAÇÃO,-0.00315766209871442,-0.013952439838920687,-0.002982615335426778,10/2020,-0.020092717273061885
3P,ELETROPORTÁTEIS,-0.0038503759271267756,-0.02251545164941159,-0.004334420726526854,10/2020,-0.030700248303065218
3P,INFORMÁTICA E ACESSÓRIOS,-0.005393716461668922,-0.03267073717772347,-0.003941922435585554,10/2020,-0.04200637607497795
3P,UTILIDADES DOMÉSTICAS,-0.004189740817896583,-0.024480647774871564,-0.0017156827492035075,10/2020,-0.030386071341971653
3P,AUTOMOTIVO,-0.003360102855234541,-0.030650460895075175,-0.0016887706188996273,10/2020,-0.03569933436920934
3P,CONSOLES & GAMES,-0.005767142534755998,-0.02226493184365064,-0.00324613571513869,10/2020,-0.031278210093545325
3P,ESPORTE & LAZER,-0.0029240256435940407,-0.01588947464422843,-0.001477727837200666,10/2020,-0.020291228125023136
3P,PC GAMER,-0.006691469709274276,-0.029858995979613747,-0.00341372320643772,10/2020,-0.03996418889532574
3P,BELEZA & PERFUMARIA,-0.002878254261999814,-0.012811297653330568,-0.0007713729692088336,10/2020,-0.016460924884539214
3P,MÓVEIS,-0.002530652665387433,-0.014408557268153516,-0.000598386359863861,10/2020,-0.01753759629340481
3P,INSTRUMENTOS MUSICAIS,-0.0023099532851063092,-0.020902052914286557,-0.0011826670115706376,10/2020,-0.024394673210963506
3P,TELEFONIA,-0.0025315582748141364,-0.008449619321649112,-0.0013652421960398226,11/2020,-0.012346419792503071
3P,ELETRODOMÉSTICOS,-0.0023383701867440427,-0.015775827276705498,-0.003842000919565907,11/2020,-0.02195619838301545
3P,ELETRÔNICOS,-0.0038857093001027614,-0.011710216608191064,-0.0023134559544089935,11/2020,-0.01790938186270282
3P,PCS,-0.0015327116990971814,-0.006982171958136174,-0.000845422831860718,11/2020,-0.009360306489094073
3P,CLIMATIZAÇÃO,-0.0017374058323071262,-0.010046270274154835,-0.0021076255178000738,11/2020,-0.013891301624262036
3P,ELETROPORTÁTEIS,-0.002305385995687222,-0.015211190837839816,-0.0024967682815526856,11/2020,-0.020013345115079725
3P,INFORMÁTICA E ACESSÓRIOS,-0.004186026772157442,-0.029280797994193544,-0.0031159650003171183,11/2020,-0.03658278976666811
3P,UTILIDADES DOMÉSTICAS,-0.0031162397935891066,-0.02390677300674212,-0.0014639270482754748,11/2020,-0.0284869398486067
3P,AUTOMOTIVO,-0.0022429969565622102,-0.027839889067390506,-0.0015032542132154922,11/2020,-0.03158614023716821
3P,CONSOLES & GAMES,-0.0037814167706811267,-0.019797401984974084,-0.0020492924665968114,11/2020,-0.02562811122225202
3P,ESPORTE & LAZER,-0.001990463116388979,-0.016907258809841966,-0.0015675690870612922,11/2020,-0.02046529101329224
3P,PC GAMER,-0.006397120841399667,-0.02547088652033326,-0.0029502428801946794,11/2020,-0.034818250241927605
3P,BELEZA & PERFUMARIA,-0.0020224824505476646,-0.011610765307724667,-0.0007866055013347376,11/2020,-0.014419853259607068
3P,MÓVEIS,-0.0016034341164624778,-0.011792860118033757,-0.0005430812222013825,11/2020,-0.013939375456697618
3P,INSTRUMENTOS MUSICAIS,-0.0020102055336685925,-0.020394906471965648,-0.0011699020655313351,11/2020,-0.023575014071165575
3P,TELEFONIA,-0.004172231627274939,-0.013925718922984746,-0.0022500397189655214,12/2020,-0.020347990269225208
3P,ELETRODOMÉSTICOS,-0.004006613869670915,-0.02703064242381212,-0.0065829671704184,12/2020,-0.03762022346390144
3P,ELETRÔNICOS,-0.008911403305797124,-0.026855962434213614,-0.0053056308250828575,12/2020,-0.04107299656509359
3P,PCS,-0.003953516458150903,-0.018009996117593963,-0.0021807056616235617,12/2020,-0.02414421823736843
3P,CLIMATIZAÇÃO,-0.0031433394402361143,-0.018175855630741485,-0.003813146181598587,12/2020,-0.025132341252576185
3P,ELETROPORTÁTEIS,-0.003928408892800667,-0.025920074759387582,-0.0042545268943522,12/2020,-0.03410301054654045
3P,INFORMÁTICA E ACESSÓRIOS,-0.005959746183796286,-0.0416877706719649,-0.004436273710192192,12/2020,-0.05208379056595338
3P,UTILIDADES DOMÉSTICAS,-0.00425273019718578,-0.03262555586774711,-0.001997820186201964,12/2020,-0.03887610625113485
3P,AUTOMOTIVO,-0.003208655508135721,-0.039825561573156074,-0.002150437564014742,12/2020,-0.045184654645306535
3P,CONSOLES & GAMES,-0.0052659357471394755,-0.02756952040342983,-0.002853809328785511,12/2020,-0.03568926547935482
3P,ESPORTE & LAZER,-0.0024944118482308816,-0.021187866456367995,-0.0019644488116814843,12/2020,-0.025646727116280358
3P,PC GAMER,-0.008789874783551739,-0.03499791682703306,-0.0040537401341792356,12/2020,-0.047841531744764035
3P,BELEZA & PERFUMARIA,-0.0029528673958434948,-0.016951964309350098,-0.00114846076298635,12/2020,-0.02105329246817994
3P,MÓVEIS,-0.0023448553907497215,-0.017245829645396567,-0.0007941997232186615,12/2020,-0.02038488475936495
3P,INSTRUMENTOS MUSICAIS,-0.0024465903305481325,-0.024822327931652677,-0.0014238698646867486,12/2020,-0.028692788126887556
3P,TELEFONIA,-0.002553229666330632,-0.008204094197046135,-0.001450296798147109,1/2021,-0.012207620661523876
3P,ELETRODOMÉSTICOS,-0.0030920123489966357,-0.018906332803367638,-0.004933429804377409,1/2021,-0.02693177495674168
3P,ELETRÔNICOS,-0.004700102663570519,-0.01941972862125926,-0.00526848657205331,1/2021,-0.02938831785688309
3P,PCS,-0.0026392573665719146,-0.010670388645103503,-0.0020300688341093743,1/2021,-0.015339714845784792
3P,CLIMATIZAÇÃO,-0.0023410818283767882,-0.012693266656822516,-0.00262294964391176,1/2021,-0.017657298129111064
3P,ELETROPORTÁTEIS,-0.0037640308146704845,-0.027357608018855034,-0.004303046237584414,1/2021,-0.035424685071109935
3P,INFORMÁTICA E ACESSÓRIOS,-0.004630007011639091,-0.03407028001454537,-0.0026070953577283056,1/2021,-0.041307382383912766
3P,UTILIDADES DOMÉSTICAS,-0.003260437420510087,-0.026023240251898477,-0.001519008691955066,1/2021,-0.03080268636436363
3P,AUTOMOTIVO,-0.002693232175789626,-0.03301218538815869,-0.001313301069535133,1/2021,-0.03701871863348345
3P,CONSOLES & GAMES,-0.004861252896052314,-0.020092074433059076,-0.0022231512891921837,1/2021,-0.027176478618303572
3P,ESPORTE & LAZER,-0.002091477648319193,-0.016660030014734522,-0.0012390091200203098,1/2021,-0.019990516783074026
3P,PC GAMER,-0.006415624058567411,-0.030565193652927432,-0.00252693498067719,1/2021,-0.03950775269217203
3P,BELEZA & PERFUMARIA,-0.0018900961954780274,-0.013232430718790095,-0.0006379542274774259,1/2021,-0.01576048114174555
3P,MÓVEIS,-0.002034605008411982,-0.014192529911030552,-0.0004873897591839925,1/2021,-0.016714524678626524
3P,INSTRUMENTOS MUSICAIS,-0.0021570989575811776,-0.019053200342792016,-0.0009683209540812427,1/2021,-0.022178620254454436
3P,TELEFONIA,-0.004089228721259745,-0.01036454619175477,-0.0021506424390493827,2/2021,-0.0166044173520639
3P,ELETRODOMÉSTICOS,-0.00411470986870775,-0.024262441618965274,-0.005964373972649182,2/2021,-0.03434152546032221
3P,ELETRÔNICOS,-0.007135620232536342,-0.02918997824695966,-0.006552592915255777,2/2021,-0.042878191394751776
3P,PCS,-0.003388303690845852,-0.014200420970287559,-0.002303669441677252,2/2021,-0.019892394102810664
3P,CLIMATIZAÇÃO,-0.003224663229592111,-0.0170361445904021,-0.0035090477618896832,2/2021,-0.023769855581883895
3P,ELETROPORTÁTEIS,-0.005376184227207382,-0.03435067730238707,-0.004629093460213465,2/2021,-0.04435595498980792
3P,INFORMÁTICA E ACESSÓRIOS,-0.005577411350963862,-0.04128724484001813,-0.0036497620446749343,2/2021,-0.05051441823565692
3P,UTILIDADES DOMÉSTICAS,-0.004560568052371323,-0.03345694487889626,-0.0016822382834083692,2/2021,-0.03969975121467595
3P,AUTOMOTIVO,-0.003509292635053259,-0.041004249375686454,-0.0019272129754215627,2/2021,-0.04644075498616127
3P,CONSOLES & GAMES,-0.0075862886111676105,-0.021930899314866605,-0.0026274064519663395,2/2021,-0.03214459437800055
3P,ESPORTE & LAZER,-0.0028156449059170727,-0.020954083132369686,-0.001624933227097755,2/2021,-0.025394661265384515
3P,PC GAMER,-0.008655366597398127,-0.037002461579862506,-0.0032151471510546907,2/2021,-0.048872975328315325
3P,BELEZA & PERFUMARIA,-0.003007752947276449,-0.017160437141479867,-0.0007503145574957048,2/2021,-0.02091850464625202
3P,MÓVEIS,-0.002468786782507281,-0.018430702971216923,-0.000610955063376584,2/2021,-0.02151044481710079
3P,INSTRUMENTOS MUSICAIS,-0.002569465394708478,-0.02450053853681103,-0.0011012063269422057,2/2021,-0.028171210258461712
3P,TELEFONIA,-0.0024454152197333754,-0.008824301518652343,-0.001654787856686997,3/2021,-0.012924504595072715
3P,ELETRODOMÉSTICOS,-0.003996745374437758,-0.01835982482373685,-0.005345947383204544,3/2021,-0.027702517581379153
3P,ELETRÔNICOS,-0.0052576425429203075,-0.02134428266210597,-0.005910227474137596,3/2021,-0.032512152679163873
3P,PCS,-0.00315997866551852,-0.011260473866542968,-0.001959142512558233,3/2021,-0.01637959504461972
3P,CLIMATIZAÇÃO,-0.002905744989166454,-0.013370510202251504,-0.0026442561914559494,3/2021,-0.018920511382873907
3P,ELETROPORTÁTEIS,-0.004718002925567286,-0.02716602475389371,-0.003873755588020313,3/2021,-0.03575778326748131
3P,INFORMÁTICA E ACESSÓRIOS,-0.005179363408182497,-0.034228900600901856,-0.0035785997972274867,3/2021,-0.04298686380631184
3P,UTILIDADES DOMÉSTICAS,-0.004065234412175597,-0.027626728095684696,-0.0015772905592129583,3/2021,-0.03326925306707325
3P,AUTOMOTIVO,-0.003385321511473789,-0.03441186486002612,-0.0018558072851019194,3/2021,-0.03965299365660183
3P,CONSOLES & GAMES,-0.0068561548883129516,-0.019997353443388856,-0.0024833346034518248,3/2021,-0.02933684293515363
3P,ESPORTE & LAZER,-0.002631572002268412,-0.01712009170482139,-0.001533152780795925,3/2021,-0.021284816487885726
3P,PC GAMER,-0.00778828091578617,-0.029302105366587453,-0.003526941533394512,3/2021,-0.040617327815768135
3P,BELEZA & PERFUMARIA,-0.0028417823439622044,-0.014827352228572984,-0.0006873381943065777,3/2021,-0.018356472766841766
3P,MÓVEIS,-0.0024555983425892766,-0.014578836857941103,-0.0005585326616351602,3/2021,-0.01759296786216554
3P,INSTRUMENTOS MUSICAIS,-0.0027572907658301366,-0.02052159115097989,-0.0011228905342168976,3/2021,-0.024401772451026926
3P,MERCADO,-0.0066570100825052,-0.008993866834612209,-0.000260307388745009,3/2021,-0.01591118430586242
3P,TELEFONIA,-0.002585194167522217,-0.009476606895636772,-0.0015358025682083313,4/2021,-0.01359760363136732
3P,ELETRODOMÉSTICOS,-0.00490481029083231,-0.020978757278073745,-0.0056881699009118,4/2021,-0.031571737469817854
3P,ELETRÔNICOS,-0.006245952332995202,-0.02343727915776862,-0.005283547700677142,4/2021,-0.034966779191440964
3P,PCS,-0.0037882681629725044,-0.012198239277635305,-0.00217558983661832,4/2021,-0.018162097277226133
3P,CLIMATIZAÇÃO,-0.0036199816091980483,-0.014789428031242714,-0.002968782872221574,4/2021,-0.021378192512662333
3P,ELETROPORTÁTEIS,-0.005881220691217686,-0.0315341397518333,-0.004436313793915954,4/2021,-0.04185167423696694
3P,INFORMÁTICA E ACESSÓRIOS,-0.005879693163505776,-0.04106460222954296,-0.003822393580753761,4/2021,-0.050766688973802494
3P,UTILIDADES DOMÉSTICAS,-0.004895582980415514,-0.03404161421109058,-0.0017685635160640675,4/2021,-0.04070576070757016
3P,AUTOMOTIVO,-0.0041581229684807455,-0.040059690151900064,-0.0019310219810531395,4/2021,-0.04614883510143395
3P,CONSOLES & GAMES,-0.01169943752606642,-0.023356067602500346,-0.003940380180357732,4/2021,-0.0389958853089245
3P,ESPORTE & LAZER,-0.0030054178775018613,-0.019555275921929748,-0.0015886472146056495,4/2021,-0.024149341014037262
3P,PC GAMER,-0.009139868593934036,-0.03510192692305176,-0.003758286662158561,4/2021,-0.04800008217914436
3P,BELEZA & PERFUMARIA,-0.0023727328695798866,-0.018567615834963132,-0.0008385350090565492,4/2021,-0.021778883713599567
3P,MÓVEIS,-0.0028431902872035715,-0.017055171629928024,-0.0007082566534441945,4/2021,-0.02060661857057579
3P,INSTRUMENTOS MUSICAIS,-0.0031338018154286325,-0.02307769098062539,-0.0012870306741658536,4/2021,-0.027498523470219877
3P,MERCADO,-0.0052478516869914615,-0.020334807292196666,-0.0008453436542712246,4/2021,-0.026428002633459353
3P,TELEFONIA,-0.0029672015005257624,-0.010514417172061112,-0.00182825215523564,5/2021,-0.015309870827822513
3P,ELETRODOMÉSTICOS,-0.0051108156232574226,-0.026215203703508126,-0.005615016273282607,5/2021,-0.036941035600048154
3P,ELETRÔNICOS,-0.007547182751726959,-0.028435630679477526,-0.005181142110511585,5/2021,-0.04116395554171607
3P,PCS,-0.004166491227971747,-0.01414581243626185,-0.0021545807337499732,5/2021,-0.02046688439798357
3P,CLIMATIZAÇÃO,-0.003761189936142545,-0.016370195097114498,-0.0025097228961618746,5/2021,-0.022641107929418917
3P,ELETROPORTÁTEIS,-0.006428891756104747,-0.04003855092781203,-0.004274713295312196,5/2021,-0.05074215597922897
3P,INFORMÁTICA E ACESSÓRIOS,-0.00744842898612257,-0.049552054996437354,-0.0038132775163785522,5/2021,-0.06081376149893848
3P,UTILIDADES DOMÉSTICAS,-0.005065474939132894,-0.041285900838116014,-0.001748324794749446,5/2021,-0.04809970057199836
3P,AUTOMOTIVO,-0.0040413970603571225,-0.048970366054688574,-0.002495782533513877,5/2021,-0.05550754564855957
3P,CONSOLES & GAMES,-0.01228827146998909,-0.02309671667111607,-0.003553182078817895,5/2021,-0.03893817021992306
3P,ESPORTE & LAZER,-0.003165457593825452,-0.02519653071481138,-0.001597307052981821,5/2021,-0.02995929536161865
3P,PC GAMER,-0.009834128013720678,-0.039535770919318466,-0.003462245292580057,5/2021,-0.0528321442256192
3P,BELEZA & PERFUMARIA,-0.002952114256627971,-0.024108309806247615,-0.0007440361585513839,5/2021,-0.02780446022142697
3P,MÓVEIS,-0.0027373261892991224,-0.02084739893562065,-0.00066354806411119,5/2021,-0.024248273189030962
3P,INSTRUMENTOS MUSICAIS,-0.002880714844654306,-0.02895346195409691,-0.0011966382522389267,5/2021,-0.03303081505099014
3P,MERCADO,-0.008293112589625524,-0.02898033147872659,-0.0012010143573101713,5/2021,-0.038474458425662286
3P,TELEFONIA,-0.0028366790207632725,-0.011033338851475075,-0.0012538137869377915,6/2021,-0.01512383165917614
3P,ELETRODOMÉSTICOS,-0.0051247729558679496,-0.028578223657253335,-0.005352515772561626,6/2021,-0.03905551238568291
3P,ELETRÔNICOS,-0.006825296440020181,-0.031860960511132366,-0.0035239457873650947,6/2021,-0.042210202738517645
3P,PCS,-0.004019374906730836,-0.01441627682983962,-0.0017890409608690852,6/2021,-0.02022469269743954
3P,CLIMATIZAÇÃO,-0.0042153335956354515,-0.014442054008453201,-0.0019729836796018273,6/2021,-0.02063037128369048
3P,ELETROPORTÁTEIS,-0.0060489486498717,-0.041312263586010534,-0.0034609270888252856,6/2021,-0.05082213932470751
3P,INFORMÁTICA E ACESSÓRIOS,-0.006747608335143392,-0.048669506518404584,-0.0025965008371357516,6/2021,-0.05801361569068373
3P,UTILIDADES DOMÉSTICAS,-0.004233883208268688,-0.040677265762060814,-0.0010182104388257649,6/2021,-0.04592935940915527
3P,AUTOMOTIVO,-0.0030922337164282212,-0.05378624125854244,-0.0017244307279150799,6/2021,-0.058602905702885746
3P,CONSOLES & GAMES,-0.01949629118448053,-0.02151011070784149,-0.002367142818718912,6/2021,-0.043373544711040934
3P,ESPORTE & LAZER,-0.003608328461725344,-0.02458275251690174,-0.001643608515478389,6/2021,-0.029834689494105473
3P,PC GAMER,-0.00947855888258261,-0.043368032470499196,-0.0028110883840188304,6/2021,-0.05565767973710063
3P,BELEZA & PERFUMARIA,-0.002762713742336427,-0.021818280795845652,-0.000626729171494976,6/2021,-0.025207723709677058
3P,MÓVEIS,-0.002522645670963333,-0.02209905210703883,-0.0006374512853081156,6/2021,-0.02525914906331028
3P,INSTRUMENTOS MUSICAIS,-0.00350075520026737,-0.027017719449451413,-0.0009569766537994052,6/2021,-0.031475451303518184
3P,MERCADO,-0.006795335317276371,-0.030752652437268654,-0.000885178959041024,6/2021,-0.038433166713586056
3P,TELEFONIA,-0.0021882077458001115,-0.009802769948676484,-0.0013520858465921515,7/2021,-0.013343063541068748
3P,ELETRODOMÉSTICOS,-0.0039060289016186822,-0.025217365902585456,-0.0051941801608125625,7/2021,-0.0343175749650167
3P,ELETRÔNICOS,-0.005992631711703055,-0.027728194189343917,-0.0033488725172768573,7/2021,-0.037069698418323825
3P,PCS,-0.0037172604578491527,-0.012209908451008004,-0.0016459357071488987,7/2021,-0.017573104616006054
3P,CLIMATIZAÇÃO,-0.0032848924732316155,-0.012972896327540692,-0.002224729245403565,7/2021,-0.018482518046175872
3P,ELETROPORTÁTEIS,-0.004708940165132083,-0.03722360449211466,-0.003822408944618709,7/2021,-0.045754953601865454
3P,INFORMÁTICA E ACESSÓRIOS,-0.004810797970379239,-0.04384863215397354,-0.0033372367497474073,7/2021,-0.05199666687410019
3P,UTILIDADES DOMÉSTICAS,-0.003459516986857813,-0.0360250625777998,-0.0016970926486768244,7/2021,-0.041181672213334436
3P,AUTOMOTIVO,-0.0030696565864719023,-0.040648341929192394,-0.0016256744861343016,7/2021,-0.0453436730017986
3P,CONSOLES & GAMES,-0.01917584229813336,-0.019955104662417837,-0.002881683514001742,7/2021,-0.042012630474552934
3P,ESPORTE & LAZER,-0.0031153963645422266,-0.01983529839645018,-0.0013865915959497585,7/2021,-0.024337286356942163
3P,PC GAMER,-0.006881099784520856,-0.03671582015673547,-0.003160830996466962,7/2021,-0.04675775093772328
3P,BELEZA & PERFUMARIA,-0.001709360441837125,-0.02085879419838249,-0.0005803345428055984,7/2021,-0.023148489183025214
3P,MÓVEIS,-0.002375950929961886,-0.017312908292999484,-0.000627246349470303,7/2021,-0.020316105572431672
3P,INSTRUMENTOS MUSICAIS,-0.002559939217834963,-0.021351837900912756,-0.0012512224721859398,7/2021,-0.025162999590933658
3P,MERCADO,-0.007475189236139984,-0.020320341094407245,-0.000770944220439261,7/2021,-0.028566474550986487
3P,TELEFONIA,-0.0031157510913122372,-0.014143128200705029,-0.0015488551404550814,8/2021,-0.018807734432472346
3P,ELETRODOMÉSTICOS,-0.00560478211833372,-0.03586689505610173,-0.006388611406189262,8/2021,-0.047860288580624716
3P,ELETRÔNICOS,-0.007882137404418807,-0.043025029335488185,-0.007188290048800856,8/2021,-0.05809545678870785
3P,PCS,-0.005781240654856006,-0.017728646747856545,-0.0028168604810648447,8/2021,-0.026326747883777396
3P,CLIMATIZAÇÃO,-0.004759269375072057,-0.020304343588031862,-0.0041879728963958255,8/2021,-0.029251585859499746
3P,ELETROPORTÁTEIS,-0.007144850581778658,-0.04742287717393537,-0.0045505101472795234,8/2021,-0.05911823790299355
3P,INFORMÁTICA E ACESSÓRIOS,-0.007848530119262655,-0.05594506348423423,-0.003796569041881103,8/2021,-0.067590162645378
3P,UTILIDADES DOMÉSTICAS,-0.006829748129459524,-0.04474273352312326,-0.0019890843242913628,8/2021,-0.05356156597687414
3P,AUTOMOTIVO,-0.004701948390149954,-0.05652438914918159,-0.0020317438320244328,8/2021,-0.06325808137135598
3P,CONSOLES & GAMES,-0.013617064802123002,-0.035702390120897765,-0.004625917356961153,8/2021,-0.053945372279981925
3P,ESPORTE & LAZER,-0.004359826908611074,-0.02723171721505956,-0.0016710982943855212,8/2021,-0.033262642418056154
3P,PC GAMER,-0.011338309400650564,-0.05072870327372458,-0.0036567808917323725,8/2021,-0.06572379356610751
3P,BELEZA & PERFUMARIA,-0.003705105628471915,-0.027192524377934114,-0.0006351593056497376,8/2021,-0.03153278931205576
3P,MÓVEIS,-0.0033979906219085694,-0.023686871597128328,-0.0006933834881990272,8/2021,-0.027778245707235926
3P,INSTRUMENTOS MUSICAIS,-0.003801125155114084,-0.03233359104123595,-0.0016059322436793178,8/2021,-0.03774064844002935
3P,MERCADO,-0.009220498494898652,-0.032889341029333406,-0.0010377282237933982,8/2021,-0.04314756774802545
3P,TELEFONIA,-0.003953078373815198,-0.013717555779906873,-0.0014177569668862777,9/2021,-0.01908839112060835
3P,ELETRODOMÉSTICOS,-0.007200810935326299,-0.032656177182499406,-0.005479888189567757,9/2021,-0.04533687630739346
3P,ELETRÔNICOS,-0.01117244317021906,-0.03788792016477705,-0.004909583603295111,9/2021,-0.05396994693829122
3P,PCS,-0.008251823691127175,-0.012991131803717419,-0.0021882693156846547,9/2021,-0.02343122481052925
3P,CLIMATIZAÇÃO,-0.005466331132755028,-0.02073244258071022,-0.0031433473421031803,9/2021,-0.029342121055568427
3P,ELETROPORTÁTEIS,-0.008788456610483723,-0.045843704025186595,-0.003539869149664182,9/2021,-0.058172029785334506
3P,INFORMÁTICA E ACESSÓRIOS,-0.010010081354490037,-0.049637227826115994,-0.0031989789780818827,9/2021,-0.06284628815868791
3P,UTILIDADES DOMÉSTICAS,-0.006486220089787824,-0.04616026429694369,-0.0017708147165049727,9/2021,-0.05441729910323649
3P,AUTOMOTIVO,-0.006087861508802598,-0.05403158804233402,-0.001654097311694419,9/2021,-0.061773546862831034
3P,CONSOLES & GAMES,-0.02334314751040262,-0.023101142257559368,-0.002019424429297366,9/2021,-0.04846371419725935
3P,ESPORTE & LAZER,-0.005989049483340473,-0.026128819191561528,-0.0013785213214164154,9/2021,-0.03349638999631842
3P,PC GAMER,-0.014662175008083794,-0.04114649770369731,-0.0026711700648457165,9/2021,-0.05847984277662683
3P,BELEZA & PERFUMARIA,-0.003502228526491959,-0.02613615981084974,-0.00046537478302008725,9/2021,-0.030103763120361785
3P,MÓVEIS,-0.003714350777025512,-0.023307647805660168,-0.0006189550335759385,9/2021,-0.027640953616261617
3P,INSTRUMENTOS MUSICAIS,-0.003445129399995075,-0.03425717217978339,-0.0012328373326526492,9/2021,-0.03893513891243112
3P,MERCADO,-0.011831929244356646,-0.02782688682359047,-0.000743889391945279,9/2021,-0.04040270545989239
3P,TELEFONIA,-0.005439242631122699,-0.01496262724129534,-0.001180611015405299,10/2021,-0.02158248088782334
3P,ELETRODOMÉSTICOS,-0.007767562997851167,-0.03673849262539971,-0.004928902118890665,10/2021,-0.049434957742141544
3P,ELETRÔNICOS,-0.01494860104776078,-0.03682179949990778,-0.004765958336422699,10/2021,-0.05653635888409125
3P,PCS,-0.009095619308413329,-0.01684248487976637,-0.0014725740718093544,10/2021,-0.027410678259989052
3P,CLIMATIZAÇÃO,-0.0059503261775974165,-0.021243845796346528,-0.0024428455545546105,10/2021,-0.029637017528498552
3P,ELETROPORTÁTEIS,-0.007913238535251239,-0.05397718231411582,-0.003049053353063463,10/2021,-0.06493947420243053
3P,INFORMÁTICA E ACESSÓRIOS,-0.009752236213694507,-0.06119414060869798,-0.003077216940485018,10/2021,-0.07402359376287751
3P,UTILIDADES DOMÉSTICAS,-0.007402144662945778,-0.05136908204577587,-0.0014673592952690116,10/2021,-0.060238586003990666
3P,AUTOMOTIVO,-0.006779315422954847,-0.06377435959046876,-0.0015789994058601285,10/2021,-0.07213267441928374
3P,CONSOLES & GAMES,-0.015099354421775112,-0.03050745755536165,-0.0017881099256522794,10/2021,-0.047394921902789044
3P,ESPORTE & LAZER,-0.005255768992225765,-0.030730646642233867,-0.0013639778360017294,10/2021,-0.03735039347046136
3P,PC GAMER,-0.018803182026219313,-0.04840175393701328,-0.0028059965147298705,10/2021,-0.07001093247796247
3P,BELEZA & PERFUMARIA,-0.006879895284219021,-0.027980433903947922,-0.0003971008246192963,10/2021,-0.03525743001278624
3P,MÓVEIS,-0.003992671715446756,-0.026209112287913946,-0.0006009947101731024,10/2021,-0.030802778713533804
3P,INSTRUMENTOS MUSICAIS,-0.0045548193850635,-0.03655293716385875,-0.001048393603376757,10/2021,-0.04215615015229901
3P,MERCADO,-0.020343665457117927,-0.0290502561357006,-0.0005652737914463928,10/2021,-0.049959195384264916
3P,TELEFONIA,-0.004790807441569606,-0.0174407735302803,-0.001310097664932623,11/2021,-0.023541678636782526
3P,ELETRODOMÉSTICOS,-0.007848961637620699,-0.03759606351743002,-0.004072640769724664,11/2021,-0.049517665924775384
3P,ELETRÔNICOS,-0.012965340810878022,-0.037292044348945314,-0.0033893002392087874,11/2021,-0.053646685399032126
3P,PCS,-0.00873072974775683,-0.016723385020483705,-0.0015867024297610429,11/2021,-0.027040817198001575
3P,CLIMATIZAÇÃO,-0.005242220717422597,-0.025787705325224057,-0.0022979274326280397,11/2021,-0.03332785347527469
3P,ELETROPORTÁTEIS,-0.008470972148035208,-0.05397696435470918,-0.003343733899425033,11/2021,-0.06579167040216942
3P,INFORMÁTICA E ACESSÓRIOS,-0.008111329600622517,-0.07036098260535842,-0.0027335927460453544,11/2021,-0.0812059049520263
3P,UTILIDADES DOMÉSTICAS,-0.006163026820877151,-0.05376243776920788,-0.0016444984297743807,11/2021,-0.06156996301985942
3P,AUTOMOTIVO,-0.005544208794572059,-0.07448168072464989,-0.0016608449169346372,11/2021,-0.08168673443615658
3P,CONSOLES & GAMES,-0.015757158196099293,-0.02964528196184287,-0.002739755237448808,11/2021,-0.04814219539539097
3P,ESPORTE & LAZER,-0.004617091582431467,-0.03209998955592121,-0.0013072396088169454,11/2021,-0.03802432074716962
3P,PC GAMER,-0.015056777600389445,-0.05442291102895245,-0.003155639686620936,11/2021,-0.07263532831596284
3P,BELEZA & PERFUMARIA,-0.006855708095097019,-0.027268792854778658,-0.0003569013890241348,11/2021,-0.03448140233889981
3P,MÓVEIS,-0.003177702042277827,-0.0292540130676036,-0.0006409964673617875,11/2021,-0.03307271157724321
3P,INSTRUMENTOS MUSICAIS,-0.003564932127538635,-0.04542325214952712,-0.0013826018363376146,11/2021,-0.050370786113403364
3P,MERCADO,-0.009851393748664429,-0.02434558820105309,-0.00037461435691454593,11/2021,-0.03457159630663206
3P,TELEFONIA,-0.0060831803496938916,-0.01685542929394098,-0.001368215075209336,12/2021,-0.02430682471884421
3P,ELETRODOMÉSTICOS,-0.008008717920236889,-0.037383079443531794,-0.004846064419872706,12/2021,-0.05023786178364138
3P,ELETRÔNICOS,-0.011283496971483948,-0.04934976261502417,-0.0038649032475042205,12/2021,-0.06449816283401233
3P,PCS,-0.007831650811372512,-0.02144620932394356,-0.0021237746417570335,12/2021,-0.031401634777073105
3P,CLIMATIZAÇÃO,-0.00508777273475314,-0.025560772116788952,-0.002113094945322171,12/2021,-0.032761639796864264
3P,ELETROPORTÁTEIS,-0.008006028113913051,-0.0577164969422377,-0.003383725338896307,12/2021,-0.06910625039504706
3P,INFORMÁTICA E ACESSÓRIOS,-0.010202140127289637,-0.06825646471805316,-0.0028673022382080886,12/2021,-0.08132590708355089
3P,UTILIDADES DOMÉSTICAS,-0.007915656573554747,-0.05784861152349829,-0.0015858785284207555,12/2021,-0.06735014662547378
3P,AUTOMOTIVO,-0.007087713824769716,-0.07047640629503521,-0.0020109713713093087,12/2021,-0.07957509149111423
3P,CONSOLES & GAMES,-0.022635496320208438,-0.03250910439480276,-0.004313426237154039,12/2021,-0.05945802695216523
3P,ESPORTE & LAZER,-0.004905413432586765,-0.03261296345640927,-0.0012285739789997152,12/2021,-0.038746950867995754
3P,PC GAMER,-0.016247414070214357,-0.05453492787471744,-0.00336316073028257,12/2021,-0.07414550267521437
3P,BELEZA & PERFUMARIA,-0.005989193827044051,-0.03152019707033249,-0.000462653226505485,12/2021,-0.037972044123882026
3P,MÓVEIS,-0.004088201520217351,-0.028407570761153692,-0.0005861291539845527,12/2021,-0.033081901435355596
3P,INSTRUMENTOS MUSICAIS,-0.0037648195699973206,-0.04627721737221168,-0.0013418907092558987,12/2021,-0.0513839276514649
3P,MERCADO,-0.0116524570804875,-0.0241895991475022,-0.00034605287735115604,12/2021,-0.03618810910534086
1P,TELEFONIA,-0.00996271837976742,-0.004054328014840008,-0.0008683168782714726,1/2022,-0.0148853632728789
1P,ELETRÔNICOS,-0.009118590927247826,-0.006324673077698281,-0.0026541819918835165,1/2022,-0.018097445996829623
1P,ELETRODOMÉSTICOS,-0.006181826454692243,-0.005494261308354816,-0.0015336386042390932,1/2022,-0.013209726367286151
1P,PCS,-0.005172993934212743,-0.002983547613506525,-0.0011324492884340037,1/2022,-0.00928899083615327
1P,ELETROPORTÁTEIS,-0.007337252252418934,-0.023998131434009876,-0.0012905839101277218,1/2022,-0.03262596759655653
1P,CONSOLES & GAMES,-0.04654354903288218,-0.007242211996265245,-0.00042633548217800246,1/2022,-0.05421209651132543
1P,CLIMATIZAÇÃO,-0.0030304630713738163,-0.006672633102360093,-0.00042818211226548677,1/2022,-0.010131278285999397
1P,UTILIDADES DOMÉSTICAS,-0.008171507785736994,-0.023524904123430952,-0.0004182231448612398,1/2022,-0.03211463505402918
1P,PC GAMER,-0.01288650444224206,-0.013879907900526551,-0.0028965112993759945,1/2022,-0.029662923642144606
1P,INFORMÁTICA E ACESSÓRIOS,-0.008744600564393417,-0.013442762644716192,-0.001461519819741205,1/2022,-0.023648883028850813
1P,ESPORTE & LAZER,-0.003751445205828444,-0.020227446022909067,-0.0010896853216314877,1/2022,-0.025068576550369
1P,BELEZA & PERFUMARIA,-0.004576711950574787,-0.02260054419494382,-0.0001367255173239612,1/2022,-0.02731398166284257
1P,MERCADO,-0.001376941754756637,-0.06010609880530714,-8.27872889029981e-05,1/2022,-0.061565827848966775
1P,AUTOMOTIVO,0.0,-0.10697049240206456,0.0,1/2022,-0.10697049240206456
1P,MÓVEIS,0.0,-0.04803992091901963,0.0,1/2022,-0.04803992091901963
1P,INSTRUMENTOS MUSICAIS,-0.026547558866939075,-0.08383782470065083,0.0,1/2022,-0.11038538356758991
3P,TELEFONIA,-0.00568902865099502,-0.007345588185752931,-0.001551719681663987,1/2022,-0.014586336518411938
3P,ELETRÔNICOS,-0.010532362074761839,-0.02162431603864353,-0.0036422045503812918,1/2022,-0.03579888266378666
3P,ELETRODOMÉSTICOS,-0.00699737872102614,-0.016032493198427922,-0.0028192806588105157,1/2022,-0.02584915257826458
3P,PCS,-0.007999906173592516,-0.005595512528419229,-0.001132679593665712,1/2022,-0.014728098295677457
3P,ELETROPORTÁTEIS,-0.007299280472588276,-0.05272086139914157,-0.0022313649363370097,1/2022,-0.06225150680806685
3P,CONSOLES & GAMES,-0.03581618633117089,-0.047615153416050875,-0.0018462193476258826,1/2022,-0.08527755909484765
3P,CLIMATIZAÇÃO,-0.004717573924353777,-0.0074722769462275155,-0.0014023674142796443,1/2022,-0.013592218284860937
3P,UTILIDADES DOMÉSTICAS,-0.007032433499445901,-0.08956534669077885,-0.001004923588624631,1/2022,-0.09760270377884939
3P,PC GAMER,-0.013955411589365323,-0.04172435753522682,-0.0020164830486311723,1/2022,-0.057696252173223314
3P,INFORMÁTICA E ACESSÓRIOS,-0.007973077667737666,-0.04327393221574487,-0.0022953993315040135,1/2022,-0.05354240921498655
3P,ESPORTE & LAZER,-0.0036872211908473944,-0.048360922922115974,-0.0007413979007194333,1/2022,-0.0527895420136828
3P,BELEZA & PERFUMARIA,-0.004580162823751529,-0.04274005392953269,-0.00026466806586912024,1/2022,-0.047584884819153336
3P,MERCADO,-0.02598945165171481,-0.13586094616821998,-0.0007839789949422721,1/2022,-0.16263437681487708
3P,AUTOMOTIVO,-0.005984621235641152,-0.08169183505926554,-0.0010287501800515296,1/2022,-0.08870520647495822
3P,MÓVEIS,-0.0038432050766065975,-0.03580269616078952,-0.00035365572421882215,1/2022,-0.039999556961614946
3P,INSTRUMENTOS MUSICAIS,-0.0028140945055442497,-0.03981408323367064,-0.0008742260574076832,1/2022,-0.04350240379662257
1P,TELEFONIA,-0.015929331205476824,-0.004546328947045176,-0.0006459456690440891,2/2022,-0.02112160582156609
1P,ELETRÔNICOS,-0.01245356031644479,-0.005899309431025853,-0.0017474121199463116,2/2022,-0.020100281867416952
1P,ELETRODOMÉSTICOS,-0.00798505196705835,-0.005242534652877361,-0.0011880417091113197,2/2022,-0.014415628329047029
1P,PCS,-0.005862907351636884,-0.0034121428491825883,-0.0008238140206983445,2/2022,-0.010098864221517817
1P,ELETROPORTÁTEIS,-0.00851936936578967,-0.025084597879692718,-0.00120433569250513,2/2022,-0.03480830293798752
1P,CONSOLES & GAMES,-0.10092692069253936,-0.010094581139363805,-0.002692366153031269,2/2022,-0.11371386798493444
1P,CLIMATIZAÇÃO,-0.004372142411644255,-0.006582717194265118,-0.0003351064706441835,2/2022,-0.011289966076553555
1P,UTILIDADES DOMÉSTICAS,-0.00868081853422249,-0.026476137812346052,-0.0003857257494155359,2/2022,-0.035542682095984074
1P,PC GAMER,-0.012602883987041997,-0.013745107089356104,-0.0020288509444541416,2/2022,-0.028376842020852243
1P,INFORMÁTICA E ACESSÓRIOS,-0.009701512371080512,-0.016828109868786915,-0.0011922596891064106,2/2022,-0.02772188192897384
1P,ESPORTE & LAZER,-0.003943767704191393,-0.019957510324793485,-0.0002790542267089759,2/2022,-0.024180332255693854
1P,BELEZA & PERFUMARIA,-0.007930844846325532,-0.014421639578194449,-0.00021788640855278192,2/2022,-0.022570370833072763
1P,MERCADO,-0.001122545315634408,-0.04529657752874185,-0.0001209908022869575,2/2022,-0.046540113646663224
1P,AUTOMOTIVO,0.0,-0.08828573228083832,0.0,2/2022,-0.08828573228083832
1P,MÓVEIS,-0.03193611402017668,-0.013275483927538747,0.0,2/2022,-0.045211597947715426
1P,INSTRUMENTOS MUSICAIS,0.0,-0.0393985816,0.0,2/2022,-0.0393985816
3P,TELEFONIA,-0.006193083695235492,-0.008715027195678288,-0.0015426490673743597,2/2022,-0.01645075995828814
3P,ELETRÔNICOS,-0.013569438878645609,-0.027904586123718052,-0.0030764200606708137,2/2022,-0.044550445063034474
3P,ELETRODOMÉSTICOS,-0.009003191647113178,-0.02004521805048733,-0.0028077630311934454,2/2022,-0.03185617272879396
3P,PCS,-0.00870708937402566,-0.007296242136160248,-0.0015480694201262086,2/2022,-0.017551400930312117
3P,ELETROPORTÁTEIS,-0.00910743030401385,-0.06071637555550152,-0.0020046366323552846,2/2022,-0.07182844249187066
3P,CONSOLES & GAMES,-0.054899673108898116,-0.053876250022047024,-0.0032203102930461634,2/2022,-0.1119962334239913
3P,CLIMATIZAÇÃO,-0.006400836343656721,-0.0076568662281985495,-0.0015734170250074548,2/2022,-0.015631119596862725
3P,UTILIDADES DOMÉSTICAS,-0.006767927139213799,-0.10748186996907834,-0.0010341852800278709,2/2022,-0.11528398238832001
3P,PC GAMER,-0.015230895146109133,-0.04984469260588473,-0.0016794381272500043,2/2022,-0.06675502587924387
3P,INFORMÁTICA E ACESSÓRIOS,-0.010021295003767493,-0.05375964619282871,-0.0022117115367532862,2/2022,-0.06599265273334949
3P,ESPORTE & LAZER,-0.0033807593867746792,-0.06492429089203007,-0.0006332082808608628,2/2022,-0.06893825855966561
3P,BELEZA & PERFUMARIA,-0.003120583434138273,-0.04817811714005428,-0.0003139138537292295,2/2022,-0.05161261442792178
3P,MERCADO,-0.04270064214421083,-0.1597722839064459,-0.001051474699960256,2/2022,-0.20352440075061698
3P,AUTOMOTIVO,-0.00783878752054121,-0.09901480913608851,-0.0008373842808898492,2/2022,-0.10769098093751957
3P,MÓVEIS,-0.004387570778196762,-0.05048910123450089,-0.00035262916278101325,2/2022,-0.05522930117547867
3P,INSTRUMENTOS MUSICAIS,-0.0035240542712439054,-0.051329560175678746,-0.000787842085124884,2/2022,-0.05564145653204754
1P,TELEFONIA,-0.009806631443964453,-0.006446974959177736,-0.0006930065939813046,3/2022,-0.016946612997123495
1P,ELETRÔNICOS,-0.012763721022336099,-0.007302058134237511,-0.0018171380388153258,3/2022,-0.021882917195388936
1P,ELETRODOMÉSTICOS,-0.0065908596237912705,-0.007841984371994553,-0.0013224814904010593,3/2022,-0.015755325486186883
1P,PCS,-0.005520190124691482,-0.00420129574679629,-0.0007188620512407027,3/2022,-0.010440347922728476
1P,ELETROPORTÁTEIS,-0.007372380698348636,-0.025699579938183,-0.0012410204462706069,3/2022,-0.034312981082802244
1P,CONSOLES & GAMES,-0.0380691575958774,-0.00776916732771846,-0.0011277958682019197,3/2022,-0.04696612079179778
1P,CLIMATIZAÇÃO,-0.003647465702824751,-0.009570502032335025,-0.0003212785531351214,3/2022,-0.013539246288294896
1P,UTILIDADES DOMÉSTICAS,-0.007374374231339778,-0.03586021980386733,-0.0005388517703709802,3/2022,-0.04377344580557809
1P,PC GAMER,-0.010955273707527831,-0.022274011033989873,-0.0021429120205677618,3/2022,-0.035372196762085466
1P,INFORMÁTICA E ACESSÓRIOS,-0.008314381184614441,-0.01697962753801121,-0.0007137963025862674,3/2022,-0.026007805025211918
1P,ESPORTE & LAZER,-0.0036360615925803193,-0.02346798334202379,-0.00038378937275148766,3/2022,-0.0274878343073556
1P,BELEZA & PERFUMARIA,-0.005551432971982424,-0.021909152986682407,-7.463755587129623e-05,3/2022,-0.027535223514536127
1P,MERCADO,-0.00023544215330443573,-0.03445932699254062,-1.9050093587991498e-05,3/2022,-0.03471381923943304
1P,AUTOMOTIVO,0.0,-0.056834932000000005,0.0,3/2022,-0.056834932000000005
1P,MÓVEIS,-0.0022630888243991296,-0.11319505606811733,0.0,3/2022,-0.11545814489251646
1P,INSTRUMENTOS MUSICAIS,0.0,-0.11098196007599924,0.0,3/2022,-0.11098196007599924
3P,TELEFONIA,-0.004606409225087792,-0.015902079627744793,-0.0016548294661507177,3/2022,-0.022163318318983303
3P,ELETRÔNICOS,-0.00830977120901692,-0.034772421546855795,-0.007175651711931264,3/2022,-0.05025784446780398
3P,ELETRODOMÉSTICOS,-0.005324671721026845,-0.028116285039074075,-0.0038486483242396972,3/2022,-0.03728960508434062
3P,PCS,-0.003949022687247982,-0.011764420664674716,-0.0021065970547347397,3/2022,-0.01782004040665744
3P,ELETROPORTÁTEIS,-0.00441151352198523,-0.07968244381626324,-0.0030216122100090313,3/2022,-0.0871155695482575
3P,CONSOLES & GAMES,-0.021366035438198847,-0.06709277634941298,-0.0040484831366813705,3/2022,-0.09250729492429319
3P,CLIMATIZAÇÃO,-0.0030038852948529576,-0.012454549315970441,-0.0021333817635127606,3/2022,-0.01759181637433616
3P,UTILIDADES DOMÉSTICAS,-0.0050899560475669865,-0.11759277775037512,-0.0012675469916963327,3/2022,-0.12395028078963843
3P,PC GAMER,-0.0090199606578608,-0.06043109933155715,-0.00341219137627076,3/2022,-0.0728632513656887
3P,INFORMÁTICA E ACESSÓRIOS,-0.004287090905513518,-0.06211701860440948,-0.002640428680534971,3/2022,-0.06904453819045797
3P,ESPORTE & LAZER,-0.002728759066058371,-0.059035398643042414,-0.0009868463710689963,3/2022,-0.06275100408016979
3P,BELEZA & PERFUMARIA,-0.002468322330419237,-0.05706975452982131,-0.00029991018774068446,3/2022,-0.05983798704798123
3P,MERCADO,-0.03886326609010794,-0.19308896518159793,-0.0007208695079180162,3/2022,-0.23267310077962391
3P,AUTOMOTIVO,-0.005777088474568645,-0.09533961210325578,-0.0012359013407000946,3/2022,-0.10235260191852452
3P,MÓVEIS,-0.0024911676804462617,-0.05884391901322817,-0.0004654662832995783,3/2022,-0.06180055297697401
3P,INSTRUMENTOS MUSICAIS,-0.0037532933408397843,-0.055767277704451904,-0.0007038709622466476,3/2022,-0.060224442007538334
1P,TELEFONIA,-0.006686825581417984,-0.005717463770762018,-0.0009404334048995749,4/2022,-0.013344722757079578
1P,ELETRÔNICOS,-0.011038757299678143,-0.0063477789022930355,-0.003471662603694191,4/2022,-0.02085819880566537
1P,ELETRODOMÉSTICOS,-0.0061208160073775,-0.005600424169402127,-0.0018217846937083613,4/2022,-0.013543024870487988
1P,PCS,-0.004536267459058629,-0.0026561742020038224,-0.0008810467777379463,4/2022,-0.008073488438800397
1P,ELETROPORTÁTEIS,-0.008051398096086838,-0.02035456400948506,-0.00151318064562751,4/2022,-0.029919142751199407
1P,CONSOLES & GAMES,-0.013720924711341573,-0.009406843967417243,-0.0011718733601041042,4/2022,-0.02429964203886292
1P,CLIMATIZAÇÃO,-0.0042794368336479685,-0.006338511449590341,-0.0009720502986566294,4/2022,-0.01158999858189494
1P,UTILIDADES DOMÉSTICAS,-0.01050501517356645,-0.03019952518771853,-0.0008834010115036064,4/2022,-0.04158794137278859
1P,PC GAMER,-0.009470750526607879,-0.017352040631208546,-0.0025997522083155513,4/2022,-0.029422543366131978
1P,INFORMÁTICA E ACESSÓRIOS,-0.007943023820498416,-0.015561037571475802,-0.0014716325401834237,4/2022,-0.02497569393215764
1P,ESPORTE & LAZER,-0.0037009290226715104,-0.018857443181899292,-0.0005609523401627693,4/2022,-0.02311932454473357
1P,BELEZA & PERFUMARIA,-0.003475856658396889,-0.03388116265826059,-0.0002069680012003081,4/2022,-0.03756398731785779
1P,MERCADO,0.0,0.0,0.0,4/2022,0.0
1P,AUTOMOTIVO,0.0,0.0,0.0,4/2022,0.0
1P,MÓVEIS,0.0,0.0,0.0,4/2022,0.0
1P,INSTRUMENTOS MUSICAIS,0.0,0.0,0.0,4/2022,0.0
3P,TELEFONIA,-0.0027693970804874746,-0.008637761026431032,-0.00210557554158732,4/2022,-0.013512733648505826
3P,ELETRÔNICOS,-0.006399601193680884,-0.023577858881965147,-0.009250206483028656,4/2022,-0.039227666558674684
3P,ELETRODOMÉSTICOS,-0.003918049647583898,-0.020525847910208072,-0.004732995818415538,4/2022,-0.02917689337620751
3P,PCS,-0.0043999034912171825,-0.00842916512102719,-0.002124222611238768,4/2022,-0.01495329122348314
3P,ELETROPORTÁTEIS,-0.003936499380812235,-0.05819711617931666,-0.004723051000924083,4/2022,-0.06685666656105298
3P,CONSOLES & GAMES,-0.007167985842598682,-0.04136003292195876,-0.002269902207740102,4/2022,-0.05079792097229754
3P,CLIMATIZAÇÃO,-0.0026798197294836935,-0.009161841245232357,-0.0034109614709269417,4/2022,-0.015252622445642993
3P,UTILIDADES DOMÉSTICAS,-0.004035066982114536,-0.09360152045099958,-0.0017167702123081132,4/2022,-0.09935335764542222
3P,PC GAMER,-0.006718785769506072,-0.045030797266927367,-0.003298849010661619,4/2022,-0.05504843204709506
3P,INFORMÁTICA E ACESSÓRIOS,-0.003561141531448413,-0.04954677067366388,-0.003541592511673385,4/2022,-0.056649504716785676
3P,ESPORTE & LAZER,-0.0018945432118656958,-0.04975336953503276,-0.0012284103879421967,4/2022,-0.052876323134840655
3P,BELEZA & PERFUMARIA,-0.0017358740074403317,-0.05004901110154157,-0.00048085694738763865,4/2022,-0.05226574205636954
3P,MERCADO,-0.00449083359984245,-0.1406320515174126,-0.0010670616668832895,4/2022,-0.14618994678413832
3P,AUTOMOTIVO,-0.003072488035901767,-0.0956664288525637,-0.0016844338562615742,4/2022,-0.10042335074472704
3P,MÓVEIS,-0.002393188906651161,-0.04256812719429326,-0.0006266335767676703,4/2022,-0.04558794967771209
3P,INSTRUMENTOS MUSICAIS,-0.0031282735878454485,-0.04354229906931327,-0.0008379632122589472,4/2022,-0.04750853586941767
